seed_dir,seed,generation,unique_evaluations_cumulative,hypervolume,archive_pareto_size,hv_q1,hv_q3,n_runs_contributing,full_run_coverage
seed_10124,10124,1,200,0.0,4,,,,
seed_10124,10124,2,294,0.0,4,,,,
seed_10124,10124,3,387,0.0,4,,,,
seed_10124,10124,4,480,0.020022541803445676,5,,,,
seed_10124,10124,5,574,0.6891780374035851,2,,,,
seed_10124,10124,6,664,0.6891780374035851,2,,,,
seed_10124,10124,7,744,0.6900909221192866,2,,,,
seed_10124,10124,8,830,0.6900909221192866,2,,,,
seed_10124,10124,9,907,0.6900909221192866,2,,,,
seed_10124,10124,10,987,0.6900909221192866,2,,,,
seed_10124,10124,11,1064,0.6900909221192866,2,,,,
seed_10124,10124,12,1139,0.6900909221192866,2,,,,
seed_10124,10124,13,1210,0.6900909221192866,2,,,,
seed_10124,10124,14,1285,0.6900909221192866,2,,,,
seed_10124,10124,15,1356,0.6900909221192866,2,,,,
seed_10124,10124,16,1422,0.6900909221192866,2,,,,
seed_10124,10124,17,1483,0.6900909221192866,2,,,,
seed_10124,10124,18,1548,0.6900909221192866,2,,,,
seed_10124,10124,19,1614,0.799738265265679,3,,,,
seed_10124,10124,20,1664,0.799738265265679,3,,,,
seed_10124,10124,21,1723,0.799738265265679,3,,,,
seed_10124,10124,22,1785,0.799738265265679,3,,,,
seed_10124,10124,23,1843,0.799738265265679,3,,,,
seed_10124,10124,24,1892,0.8093371535014091,4,,,,
seed_10124,10124,25,1947,0.8093371535014091,4,,,,
seed_10124,10124,26,1997,1.0108170577406819,4,,,,
seed_10124,10124,27,2046,1.0122572480256067,4,,,,
seed_10124,10124,28,2090,1.0122572480256067,4,,,,
seed_10124,10124,29,2130,1.0122572480256067,4,,,,
seed_10124,10124,30,2175,1.0122572480256067,4,,,,
seed_10124,10124,31,2218,1.0122572480256067,4,,,,
seed_10124,10124,32,2263,1.0122572480256067,4,,,,
seed_10124,10124,33,2299,1.0122572480256067,4,,,,
seed_10124,10124,34,2332,1.0122572480256067,4,,,,
seed_10124,10124,35,2365,1.0122572480256067,4,,,,
seed_10124,10124,36,2401,1.0122572480256067,4,,,,
seed_10124,10124,37,2431,1.0122572480256067,4,,,,
seed_10124,10124,38,2459,1.0122572480256067,4,,,,
seed_10124,10124,39,2488,1.0122572480256067,4,,,,
seed_10124,10124,40,2517,1.0122572480256067,4,,,,
seed_10124,10124,41,2550,1.0153445202052596,5,,,,
seed_10124,10124,42,2580,1.0153445202052596,5,,,,
seed_10124,10124,43,2603,1.0153445202052596,5,,,,
seed_10124,10124,44,2630,1.0153445202052596,5,,,,
seed_10124,10124,45,2656,1.0153445202052596,5,,,,
seed_10124,10124,46,2674,1.0153445202052596,5,,,,
seed_10124,10124,47,2694,1.0153445202052596,5,,,,
seed_10124,10124,48,2710,1.0153445202052596,5,,,,
seed_10124,10124,49,2734,1.0153445202052596,5,,,,
seed_10124,10124,50,2751,1.0153445202052596,5,,,,
seed_10124,10124,51,2767,1.0153445202052596,5,,,,
seed_10124,10124,52,2791,1.0153445202052596,5,,,,
seed_10124,10124,53,2809,1.0153445202052596,5,,,,
seed_10124,10124,54,2827,1.0153445202052596,5,,,,
seed_10124,10124,55,2843,1.0153445202052596,5,,,,
seed_10124,10124,56,2866,1.0153445202052596,5,,,,
seed_10124,10124,57,2885,1.0153445202052596,5,,,,
seed_10124,10124,58,2905,1.0153445202052596,5,,,,
seed_10124,10124,59,2914,1.0153445202052596,5,,,,
seed_10124,10124,60,2928,1.0153445202052596,5,,,,
seed_10124,10124,61,2944,1.0153445202052596,5,,,,
seed_10124,10124,62,2962,1.0153445202052596,5,,,,
seed_10124,10124,63,2978,1.0153445202052596,5,,,,
seed_10124,10124,64,3000,1.0153445202052596,5,,,,
seed_10124,10124,65,3014,1.0153445202052596,5,,,,
seed_10124,10124,66,3031,1.0153445202052596,5,,,,
seed_10124,10124,67,3043,1.0153445202052596,5,,,,
seed_10124,10124,68,3058,1.0153445202052596,5,,,,
seed_10124,10124,69,3074,1.0153445202052596,5,,,,
seed_10124,10124,70,3086,1.0153445202052596,5,,,,
seed_10124,10124,71,3102,1.0153445202052596,5,,,,
seed_10124,10124,72,3113,1.0153445202052596,5,,,,
seed_10124,10124,73,3125,1.0153445202052596,5,,,,
seed_10124,10124,74,3136,1.0153445202052596,5,,,,
seed_10124,10124,75,3152,1.0153445202052596,5,,,,
seed_10124,10124,76,3167,1.0153445202052596,5,,,,
seed_10124,10124,77,3176,1.0153445202052596,5,,,,
seed_10124,10124,78,3190,1.0153445202052596,5,,,,
seed_10124,10124,79,3197,1.0153445202052596,5,,,,
seed_10124,10124,80,3206,1.0153445202052596,5,,,,
seed_10124,10124,81,3218,1.0153445202052596,5,,,,
seed_10124,10124,82,3224,1.0153445202052596,5,,,,
seed_10124,10124,83,3235,1.0153445202052596,5,,,,
seed_10124,10124,84,3243,1.0153445202052596,5,,,,
seed_10124,10124,85,3256,1.0153445202052596,5,,,,
seed_10124,10124,86,3265,1.0153445202052596,5,,,,
seed_10124,10124,87,3272,1.0153445202052596,5,,,,
seed_10124,10124,88,3282,1.0153445202052596,5,,,,
seed_10124,10124,89,3293,1.0153445202052596,5,,,,
seed_10124,10124,90,3301,1.0153445202052596,5,,,,
seed_10124,10124,91,3306,1.0153445202052596,5,,,,
seed_10124,10124,92,3313,1.0153445202052596,5,,,,
seed_10124,10124,93,3323,1.0153445202052596,5,,,,
seed_10124,10124,94,3332,1.0153445202052596,5,,,,
seed_10124,10124,95,3338,1.0153445202052596,5,,,,
seed_10124,10124,96,3347,1.0153445202052596,5,,,,
seed_10124,10124,97,3349,1.0153445202052596,5,,,,
seed_10124,10124,98,3359,1.0153445202052596,5,,,,
seed_10124,10124,99,3365,1.0153445202052596,5,,,,
seed_10124,10124,100,3373,1.0153445202052596,5,,,,
seed_11235,11235,1,200,0.0,2,,,,
seed_11235,11235,2,297,0.0,2,,,,
seed_11235,11235,3,392,0.0,3,,,,
seed_11235,11235,4,485,0.0,3,,,,
seed_11235,11235,5,577,0.0,4,,,,
seed_11235,11235,6,667,0.258088666650425,4,,,,
seed_11235,11235,7,753,0.258088666650425,4,,,,
seed_11235,11235,8,836,0.258088666650425,4,,,,
seed_11235,11235,9,921,0.258088666650425,3,,,,
seed_11235,11235,10,1005,0.26016370722911847,4,,,,
seed_11235,11235,11,1090,0.2638801275966791,5,,,,
seed_11235,11235,12,1174,0.3040208078486398,4,,,,
seed_11235,11235,13,1250,0.3040208078486398,4,,,,
seed_11235,11235,14,1329,0.6891780374035851,1,,,,
seed_11235,11235,15,1398,0.7988253805499774,2,,,,
seed_11235,11235,16,1467,0.799738265265679,3,,,,
seed_11235,11235,17,1533,0.799738265265679,3,,,,
seed_11235,11235,18,1600,0.799738265265679,3,,,,
seed_11235,11235,19,1649,0.799738265265679,3,,,,
seed_11235,11235,20,1718,0.799738265265679,3,,,,
seed_11235,11235,21,1776,0.799738265265679,3,,,,
seed_11235,11235,22,1834,0.8796832279818487,3,,,,
seed_11235,11235,23,1888,0.8796832279818487,3,,,,
seed_11235,11235,24,1938,0.8796832279818487,3,,,,
seed_11235,11235,25,1981,1.0122572480256067,4,,,,
seed_11235,11235,26,2042,1.0122572480256067,4,,,,
seed_11235,11235,27,2084,1.0122572480256067,4,,,,
seed_11235,11235,28,2131,1.0122572480256067,4,,,,
seed_11235,11235,29,2179,1.0122572480256067,4,,,,
seed_11235,11235,30,2220,1.0122572480256067,4,,,,
seed_11235,11235,31,2264,1.0122572480256067,4,,,,
seed_11235,11235,32,2304,1.0122572480256067,4,,,,
seed_11235,11235,33,2351,1.0153445202052596,5,,,,
seed_11235,11235,34,2388,1.0153445202052596,5,,,,
seed_11235,11235,35,2426,1.0153445202052596,5,,,,
seed_11235,11235,36,2457,1.0153445202052596,5,,,,
seed_11235,11235,37,2498,1.0153445202052596,5,,,,
seed_11235,11235,38,2527,1.0153445202052596,5,,,,
seed_11235,11235,39,2560,1.0153445202052596,5,,,,
seed_11235,11235,40,2592,1.0153445202052596,5,,,,
seed_11235,11235,41,2620,1.0153445202052596,5,,,,
seed_11235,11235,42,2651,1.0153445202052596,5,,,,
seed_11235,11235,43,2675,1.0153445202052596,5,,,,
seed_11235,11235,44,2702,1.0153445202052596,5,,,,
seed_11235,11235,45,2728,1.0153445202052596,5,,,,
seed_11235,11235,46,2748,1.0153445202052596,5,,,,
seed_11235,11235,47,2776,1.0153445202052596,5,,,,
seed_11235,11235,48,2794,1.0153445202052596,5,,,,
seed_11235,11235,49,2821,1.0153445202052596,5,,,,
seed_11235,11235,50,2844,1.0153445202052596,5,,,,
seed_11235,11235,51,2866,1.0153445202052596,5,,,,
seed_11235,11235,52,2882,1.0153445202052596,5,,,,
seed_11235,11235,53,2903,1.0153445202052596,5,,,,
seed_11235,11235,54,2921,1.0153445202052596,5,,,,
seed_11235,11235,55,2939,1.0153445202052596,5,,,,
seed_11235,11235,56,2955,1.0153445202052596,5,,,,
seed_11235,11235,57,2970,1.0153445202052596,5,,,,
seed_11235,11235,58,2986,1.0153445202052596,5,,,,
seed_11235,11235,59,3005,1.0153445202052596,5,,,,
seed_11235,11235,60,3023,1.0153445202052596,5,,,,
seed_11235,11235,61,3042,1.0153445202052596,5,,,,
seed_11235,11235,62,3062,1.0153445202052596,5,,,,
seed_11235,11235,63,3071,1.0153445202052596,5,,,,
seed_11235,11235,64,3093,1.0153445202052596,5,,,,
seed_11235,11235,65,3105,1.0153445202052596,5,,,,
seed_11235,11235,66,3115,1.0153445202052596,5,,,,
seed_11235,11235,67,3129,1.0153445202052596,5,,,,
seed_11235,11235,68,3142,1.0153445202052596,5,,,,
seed_11235,11235,69,3155,1.0153445202052596,5,,,,
seed_11235,11235,70,3171,1.0153445202052596,5,,,,
seed_11235,11235,71,3186,1.0153445202052596,5,,,,
seed_11235,11235,72,3198,1.0153445202052596,5,,,,
seed_11235,11235,73,3212,1.0153445202052596,5,,,,
seed_11235,11235,74,3224,1.0153445202052596,5,,,,
seed_11235,11235,75,3234,1.0153445202052596,5,,,,
seed_11235,11235,76,3246,1.0153445202052596,5,,,,
seed_11235,11235,77,3257,1.0153445202052596,5,,,,
seed_11235,11235,78,3269,1.0153445202052596,5,,,,
seed_11235,11235,79,3280,1.0153445202052596,5,,,,
seed_11235,11235,80,3295,1.0153445202052596,5,,,,
seed_11235,11235,81,3307,1.0153445202052596,5,,,,
seed_11235,11235,82,3315,1.0153445202052596,5,,,,
seed_11235,11235,83,3322,1.0153445202052596,5,,,,
seed_11235,11235,84,3334,1.0153445202052596,5,,,,
seed_11235,11235,85,3344,1.0153445202052596,5,,,,
seed_11235,11235,86,3354,1.0153445202052596,5,,,,
seed_11235,11235,87,3364,1.0153445202052596,5,,,,
seed_11235,11235,88,3374,1.0153445202052596,5,,,,
seed_11235,11235,89,3383,1.0153445202052596,5,,,,
seed_11235,11235,90,3390,1.0153445202052596,5,,,,
seed_11235,11235,91,3397,1.0153445202052596,5,,,,
seed_11235,11235,92,3403,1.0153445202052596,5,,,,
seed_11235,11235,93,3408,1.0153445202052596,5,,,,
seed_11235,11235,94,3414,1.0153445202052596,5,,,,
seed_11235,11235,95,3424,1.0153445202052596,5,,,,
seed_11235,11235,96,3431,1.0153445202052596,5,,,,
seed_11235,11235,97,3440,1.0153445202052596,5,,,,
seed_11235,11235,98,3453,1.0153445202052596,5,,,,
seed_11235,11235,99,3460,1.0153445202052596,5,,,,
seed_11235,11235,100,3466,1.0153445202052596,5,,,,
seed_1234,1234,1,200,0.0,3,,,,
seed_1234,1234,2,296,0.0,4,,,,
seed_1234,1234,3,392,0.0,2,,,,
seed_1234,1234,4,478,0.0,2,,,,
seed_1234,1234,5,567,0.0,2,,,,
seed_1234,1234,6,659,0.0155362707919202,3,,,,
seed_1234,1234,7,748,0.0155362707919202,3,,,,
seed_1234,1234,8,831,0.04554013838640229,5,,,,
seed_1234,1234,9,912,0.4219010757372491,3,,,,
seed_1234,1234,10,997,0.45595823848830036,4,,,,
seed_1234,1234,11,1068,0.9925998150452251,3,,,,
seed_1234,1234,12,1148,0.9985458642183185,3,,,,
seed_1234,1234,13,1220,0.9996463561248303,4,,,,
seed_1234,1234,14,1291,0.9996463561248303,4,,,,
seed_1234,1234,15,1362,1.000713992520917,5,,,,
seed_1234,1234,16,1431,1.000713992520917,5,,,,
seed_1234,1234,17,1492,1.000713992520917,5,,,,
seed_1234,1234,18,1555,1.0069085179397594,6,,,,
seed_1234,1234,19,1614,1.0069085179397594,6,,,,
seed_1234,1234,20,1678,1.009995790119412,7,,,,
seed_1234,1234,21,1737,1.009995790119412,7,,,,
seed_1234,1234,22,1787,1.009995790119412,7,,,,
seed_1234,1234,23,1838,1.009995790119412,7,,,,
seed_1234,1234,24,1884,1.0153445202052596,5,,,,
seed_1234,1234,25,1933,1.0153445202052596,5,,,,
seed_1234,1234,26,1985,1.0153445202052596,5,,,,
seed_1234,1234,27,2028,1.0153445202052596,5,,,,
seed_1234,1234,28,2075,1.0153445202052596,5,,,,
seed_1234,1234,29,2114,1.0153445202052596,5,,,,
seed_1234,1234,30,2148,1.0153445202052596,5,,,,
seed_1234,1234,31,2186,1.0153445202052596,5,,,,
seed_1234,1234,32,2230,1.0153445202052596,5,,,,
seed_1234,1234,33,2260,1.0153445202052596,5,,,,
seed_1234,1234,34,2292,1.0153445202052596,5,,,,
seed_1234,1234,35,2319,1.0153445202052596,5,,,,
seed_1234,1234,36,2349,1.0153445202052596,5,,,,
seed_1234,1234,37,2384,1.0153445202052596,5,,,,
seed_1234,1234,38,2413,1.0153445202052596,5,,,,
seed_1234,1234,39,2439,1.0153445202052596,5,,,,
seed_1234,1234,40,2467,1.0153445202052596,5,,,,
seed_1234,1234,41,2499,1.0153445202052596,5,,,,
seed_1234,1234,42,2530,1.0153445202052596,5,,,,
seed_1234,1234,43,2554,1.0153445202052596,5,,,,
seed_1234,1234,44,2580,1.0153445202052596,5,,,,
seed_1234,1234,45,2613,1.0153445202052596,5,,,,
seed_1234,1234,46,2639,1.0153445202052596,5,,,,
seed_1234,1234,47,2664,1.0153445202052596,5,,,,
seed_1234,1234,48,2682,1.0153445202052596,5,,,,
seed_1234,1234,49,2702,1.0153445202052596,5,,,,
seed_1234,1234,50,2716,1.0153445202052596,5,,,,
seed_1234,1234,51,2743,1.0153445202052596,5,,,,
seed_1234,1234,52,2768,1.0153445202052596,5,,,,
seed_1234,1234,53,2798,1.0153445202052596,5,,,,
seed_1234,1234,54,2811,1.0153445202052596,5,,,,
seed_1234,1234,55,2830,1.0153445202052596,5,,,,
seed_1234,1234,56,2843,1.0153445202052596,5,,,,
seed_1234,1234,57,2856,1.0153445202052596,5,,,,
seed_1234,1234,58,2871,1.0153445202052596,5,,,,
seed_1234,1234,59,2888,1.0153445202052596,5,,,,
seed_1234,1234,60,2905,1.0153445202052596,5,,,,
seed_1234,1234,61,2921,1.0153445202052596,5,,,,
seed_1234,1234,62,2938,1.0153445202052596,5,,,,
seed_1234,1234,63,2961,1.0153445202052596,5,,,,
seed_1234,1234,64,2975,1.0153445202052596,5,,,,
seed_1234,1234,65,2988,1.0153445202052596,5,,,,
seed_1234,1234,66,3002,1.0153445202052596,5,,,,
seed_1234,1234,67,3014,1.0153445202052596,5,,,,
seed_1234,1234,68,3022,1.0153445202052596,5,,,,
seed_1234,1234,69,3032,1.0153445202052596,5,,,,
seed_1234,1234,70,3047,1.0153445202052596,5,,,,
seed_1234,1234,71,3059,1.0153445202052596,5,,,,
seed_1234,1234,72,3067,1.0153445202052596,5,,,,
seed_1234,1234,73,3080,1.0153445202052596,5,,,,
seed_1234,1234,74,3087,1.0153445202052596,5,,,,
seed_1234,1234,75,3099,1.0153445202052596,5,,,,
seed_1234,1234,76,3110,1.0153445202052596,5,,,,
seed_1234,1234,77,3120,1.0153445202052596,5,,,,
seed_1234,1234,78,3129,1.0153445202052596,5,,,,
seed_1234,1234,79,3138,1.0153445202052596,5,,,,
seed_1234,1234,80,3147,1.0153445202052596,5,,,,
seed_1234,1234,81,3156,1.0153445202052596,5,,,,
seed_1234,1234,82,3168,1.0153445202052596,5,,,,
seed_1234,1234,83,3176,1.0153445202052596,5,,,,
seed_1234,1234,84,3187,1.0153445202052596,5,,,,
seed_1234,1234,85,3194,1.0153445202052596,5,,,,
seed_1234,1234,86,3202,1.0153445202052596,5,,,,
seed_1234,1234,87,3210,1.0153445202052596,5,,,,
seed_1234,1234,88,3215,1.0153445202052596,5,,,,
seed_1234,1234,89,3220,1.0153445202052596,5,,,,
seed_1234,1234,90,3229,1.0153445202052596,5,,,,
seed_1234,1234,91,3239,1.0153445202052596,5,,,,
seed_1234,1234,92,3245,1.0153445202052596,5,,,,
seed_1234,1234,93,3253,1.0153445202052596,5,,,,
seed_1234,1234,94,3264,1.0153445202052596,5,,,,
seed_1234,1234,95,3274,1.0153445202052596,5,,,,
seed_1234,1234,96,3279,1.0153445202052596,5,,,,
seed_1234,1234,97,3291,1.0153445202052596,5,,,,
seed_1234,1234,98,3299,1.0153445202052596,5,,,,
seed_1234,1234,99,3309,1.0153445202052596,5,,,,
seed_1234,1234,100,3315,1.0153445202052596,5,,,,
seed_13579,13579,1,200,0.0,3,,,,
seed_13579,13579,2,296,0.0,1,,,,
seed_13579,13579,3,393,0.7866296977079393,1,,,,
seed_13579,13579,4,490,0.7866296977079393,1,,,,
seed_13579,13579,5,583,0.7866296977079393,1,,,,
seed_13579,13579,6,676,0.7866296977079393,2,,,,
seed_13579,13579,7,765,0.9977084901829422,3,,,,
seed_13579,13579,8,848,1.0025128872366407,4,,,,
seed_13579,13579,9,928,1.0025128872366407,4,,,,
seed_13579,13579,10,1014,1.0025128872366407,4,,,,
seed_13579,13579,11,1100,1.0025128872366407,4,,,,
seed_13579,13579,12,1179,1.0025128872366407,5,,,,
seed_13579,13579,13,1256,1.0025128872366407,5,,,,
seed_13579,13579,14,1325,1.0025128872366407,5,,,,
seed_13579,13579,15,1390,1.0025128872366407,5,,,,
seed_13579,13579,16,1454,1.0025128872366407,5,,,,
seed_13579,13579,17,1524,1.0039530775215655,5,,,,
seed_13579,13579,18,1590,1.0059956332240578,6,,,,
seed_13579,13579,19,1648,1.0069085179397594,6,,,,
seed_13579,13579,20,1709,1.0069085179397594,6,,,,
seed_13579,13579,21,1763,1.0122572480256067,4,,,,
seed_13579,13579,22,1822,1.0122572480256067,4,,,,
seed_13579,13579,23,1877,1.0122572480256067,4,,,,
seed_13579,13579,24,1928,1.0122572480256067,4,,,,
seed_13579,13579,25,1974,1.0122572480256067,4,,,,
seed_13579,13579,26,2026,1.0153445202052596,5,,,,
seed_13579,13579,27,2070,1.0153445202052596,5,,,,
seed_13579,13579,28,2110,1.0153445202052596,5,,,,
seed_13579,13579,29,2156,1.0153445202052596,5,,,,
seed_13579,13579,30,2193,1.0153445202052596,5,,,,
seed_13579,13579,31,2236,1.0153445202052596,5,,,,
seed_13579,13579,32,2284,1.0153445202052596,5,,,,
seed_13579,13579,33,2317,1.0153445202052596,5,,,,
seed_13579,13579,34,2348,1.0153445202052596,5,,,,
seed_13579,13579,35,2375,1.0153445202052596,5,,,,
seed_13579,13579,36,2408,1.0153445202052596,5,,,,
seed_13579,13579,37,2437,1.0153445202052596,5,,,,
seed_13579,13579,38,2469,1.0153445202052596,5,,,,
seed_13579,13579,39,2503,1.0153445202052596,5,,,,
seed_13579,13579,40,2530,1.0153445202052596,5,,,,
seed_13579,13579,41,2557,1.0153445202052596,5,,,,
seed_13579,13579,42,2590,1.0153445202052596,5,,,,
seed_13579,13579,43,2616,1.0153445202052596,5,,,,
seed_13579,13579,44,2635,1.0153445202052596,5,,,,
seed_13579,13579,45,2660,1.0153445202052596,5,,,,
seed_13579,13579,46,2686,1.0153445202052596,5,,,,
seed_13579,13579,47,2706,1.0153445202052596,5,,,,
seed_13579,13579,48,2725,1.0153445202052596,5,,,,
seed_13579,13579,49,2745,1.0153445202052596,5,,,,
seed_13579,13579,50,2756,1.0153445202052596,5,,,,
seed_13579,13579,51,2770,1.0153445202052596,5,,,,
seed_13579,13579,52,2785,1.0153445202052596,5,,,,
seed_13579,13579,53,2805,1.0153445202052596,5,,,,
seed_13579,13579,54,2823,1.0153445202052596,5,,,,
seed_13579,13579,55,2848,1.0153445202052596,5,,,,
seed_13579,13579,56,2863,1.0153445202052596,5,,,,
seed_13579,13579,57,2877,1.0153445202052596,5,,,,
seed_13579,13579,58,2896,1.0153445202052596,5,,,,
seed_13579,13579,59,2912,1.0153445202052596,5,,,,
seed_13579,13579,60,2927,1.0153445202052596,5,,,,
seed_13579,13579,61,2939,1.0153445202052596,5,,,,
seed_13579,13579,62,2948,1.0153445202052596,5,,,,
seed_13579,13579,63,2968,1.0153445202052596,5,,,,
seed_13579,13579,64,2979,1.0153445202052596,5,,,,
seed_13579,13579,65,2993,1.0153445202052596,5,,,,
seed_13579,13579,66,3007,1.0153445202052596,5,,,,
seed_13579,13579,67,3021,1.0153445202052596,5,,,,
seed_13579,13579,68,3035,1.0153445202052596,5,,,,
seed_13579,13579,69,3050,1.0153445202052596,5,,,,
seed_13579,13579,70,3065,1.0153445202052596,5,,,,
seed_13579,13579,71,3074,1.0153445202052596,5,,,,
seed_13579,13579,72,3088,1.0153445202052596,5,,,,
seed_13579,13579,73,3094,1.0153445202052596,5,,,,
seed_13579,13579,74,3107,1.0153445202052596,5,,,,
seed_13579,13579,75,3114,1.0153445202052596,5,,,,
seed_13579,13579,76,3127,1.0153445202052596,5,,,,
seed_13579,13579,77,3133,1.0153445202052596,5,,,,
seed_13579,13579,78,3141,1.0153445202052596,5,,,,
seed_13579,13579,79,3146,1.0153445202052596,5,,,,
seed_13579,13579,80,3154,1.0153445202052596,5,,,,
seed_13579,13579,81,3163,1.0153445202052596,5,,,,
seed_13579,13579,82,3166,1.0153445202052596,5,,,,
seed_13579,13579,83,3173,1.0153445202052596,5,,,,
seed_13579,13579,84,3177,1.0153445202052596,5,,,,
seed_13579,13579,85,3186,1.0153445202052596,5,,,,
seed_13579,13579,86,3190,1.0153445202052596,5,,,,
seed_13579,13579,87,3199,1.0153445202052596,5,,,,
seed_13579,13579,88,3206,1.0153445202052596,5,,,,
seed_13579,13579,89,3212,1.0153445202052596,5,,,,
seed_13579,13579,90,3217,1.0153445202052596,5,,,,
seed_13579,13579,91,3225,1.0153445202052596,5,,,,
seed_13579,13579,92,3230,1.0153445202052596,5,,,,
seed_13579,13579,93,3233,1.0153445202052596,5,,,,
seed_13579,13579,94,3243,1.0153445202052596,5,,,,
seed_13579,13579,95,3248,1.0153445202052596,5,,,,
seed_13579,13579,96,3254,1.0153445202052596,5,,,,
seed_13579,13579,97,3258,1.0153445202052596,5,,,,
seed_13579,13579,98,3261,1.0153445202052596,5,,,,
seed_13579,13579,99,3269,1.0153445202052596,5,,,,
seed_13579,13579,100,3273,1.0153445202052596,5,,,,
seed_2026,2026,1,200,0.0,4,,,,
seed_2026,2026,2,296,0.0,5,,,,
seed_2026,2026,3,389,0.0,5,,,,
seed_2026,2026,4,487,0.0,5,,,,
seed_2026,2026,5,576,0.0,5,,,,
seed_2026,2026,6,666,0.0,5,,,,
seed_2026,2026,7,753,0.16714115887816478,2,,,,
seed_2026,2026,8,835,0.6846695054429582,3,,,,
seed_2026,2026,9,917,0.7006678520148599,4,,,,
seed_2026,2026,10,1005,0.707328320386038,4,,,,
seed_2026,2026,11,1086,0.707328320386038,4,,,,
seed_2026,2026,12,1160,0.707328320386038,4,,,,
seed_2026,2026,13,1239,0.7090978575310238,7,,,,
seed_2026,2026,14,1309,0.7167906281046151,6,,,,
seed_2026,2026,15,1386,0.726318740811499,5,,,,
seed_2026,2026,16,1451,0.726318740811499,5,,,,
seed_2026,2026,17,1523,0.726318740811499,5,,,,
seed_2026,2026,18,1590,0.8150847371568857,5,,,,
seed_2026,2026,19,1660,0.8896454456221299,5,,,,
seed_2026,2026,20,1729,1.014431635489558,6,,,,
seed_2026,2026,21,1790,1.0153445202052596,5,,,,
seed_2026,2026,22,1848,1.0153445202052596,5,,,,
seed_2026,2026,23,1902,1.0153445202052596,5,,,,
seed_2026,2026,24,1951,1.0153445202052596,5,,,,
seed_2026,2026,25,2005,1.0153445202052596,5,,,,
seed_2026,2026,26,2053,1.0153445202052596,5,,,,
seed_2026,2026,27,2094,1.0153445202052596,5,,,,
seed_2026,2026,28,2137,1.0153445202052596,5,,,,
seed_2026,2026,29,2173,1.0153445202052596,5,,,,
seed_2026,2026,30,2217,1.0153445202052596,5,,,,
seed_2026,2026,31,2257,1.0153445202052596,5,,,,
seed_2026,2026,32,2298,1.0153445202052596,5,,,,
seed_2026,2026,33,2347,1.0153445202052596,5,,,,
seed_2026,2026,34,2387,1.0153445202052596,5,,,,
seed_2026,2026,35,2419,1.0153445202052596,5,,,,
seed_2026,2026,36,2446,1.0153445202052596,5,,,,
seed_2026,2026,37,2474,1.0153445202052596,5,,,,
seed_2026,2026,38,2501,1.0153445202052596,5,,,,
seed_2026,2026,39,2533,1.0153445202052596,5,,,,
seed_2026,2026,40,2563,1.0153445202052596,5,,,,
seed_2026,2026,41,2594,1.0153445202052596,5,,,,
seed_2026,2026,42,2623,1.0153445202052596,5,,,,
seed_2026,2026,43,2649,1.0153445202052596,5,,,,
seed_2026,2026,44,2677,1.0153445202052596,5,,,,
seed_2026,2026,45,2705,1.0153445202052596,5,,,,
seed_2026,2026,46,2730,1.0153445202052596,5,,,,
seed_2026,2026,47,2758,1.0153445202052596,5,,,,
seed_2026,2026,48,2780,1.0153445202052596,5,,,,
seed_2026,2026,49,2799,1.0153445202052596,5,,,,
seed_2026,2026,50,2819,1.0153445202052596,5,,,,
seed_2026,2026,51,2831,1.0153445202052596,5,,,,
seed_2026,2026,52,2849,1.0153445202052596,5,,,,
seed_2026,2026,53,2867,1.0153445202052596,5,,,,
seed_2026,2026,54,2886,1.0153445202052596,5,,,,
seed_2026,2026,55,2907,1.0153445202052596,5,,,,
seed_2026,2026,56,2924,1.0153445202052596,5,,,,
seed_2026,2026,57,2946,1.0153445202052596,5,,,,
seed_2026,2026,58,2969,1.0153445202052596,5,,,,
seed_2026,2026,59,2988,1.0153445202052596,5,,,,
seed_2026,2026,60,3006,1.0153445202052596,5,,,,
seed_2026,2026,61,3015,1.0153445202052596,5,,,,
seed_2026,2026,62,3027,1.0153445202052596,5,,,,
seed_2026,2026,63,3036,1.0153445202052596,5,,,,
seed_2026,2026,64,3049,1.0153445202052596,5,,,,
seed_2026,2026,65,3067,1.0153445202052596,5,,,,
seed_2026,2026,66,3078,1.0153445202052596,5,,,,
seed_2026,2026,67,3089,1.0153445202052596,5,,,,
seed_2026,2026,68,3101,1.0153445202052596,5,,,,
seed_2026,2026,69,3106,1.0153445202052596,5,,,,
seed_2026,2026,70,3121,1.0153445202052596,5,,,,
seed_2026,2026,71,3135,1.0153445202052596,5,,,,
seed_2026,2026,72,3149,1.0153445202052596,5,,,,
seed_2026,2026,73,3163,1.0153445202052596,5,,,,
seed_2026,2026,74,3170,1.0153445202052596,5,,,,
seed_2026,2026,75,3181,1.0153445202052596,5,,,,
seed_2026,2026,76,3187,1.0153445202052596,5,,,,
seed_2026,2026,77,3192,1.0153445202052596,5,,,,
seed_2026,2026,78,3203,1.0153445202052596,5,,,,
seed_2026,2026,79,3212,1.0153445202052596,5,,,,
seed_2026,2026,80,3224,1.0153445202052596,5,,,,
seed_2026,2026,81,3237,1.0153445202052596,5,,,,
seed_2026,2026,82,3245,1.0153445202052596,5,,,,
seed_2026,2026,83,3252,1.0153445202052596,5,,,,
seed_2026,2026,84,3260,1.0153445202052596,5,,,,
seed_2026,2026,85,3269,1.0153445202052596,5,,,,
seed_2026,2026,86,3277,1.0153445202052596,5,,,,
seed_2026,2026,87,3285,1.0153445202052596,5,,,,
seed_2026,2026,88,3297,1.0153445202052596,5,,,,
seed_2026,2026,89,3304,1.0153445202052596,5,,,,
seed_2026,2026,90,3311,1.0153445202052596,5,,,,
seed_2026,2026,91,3317,1.0153445202052596,5,,,,
seed_2026,2026,92,3327,1.0153445202052596,5,,,,
seed_2026,2026,93,3333,1.0153445202052596,5,,,,
seed_2026,2026,94,3336,1.0153445202052596,5,,,,
seed_2026,2026,95,3339,1.0153445202052596,5,,,,
seed_2026,2026,96,3347,1.0153445202052596,5,,,,
seed_2026,2026,97,3357,1.0153445202052596,5,,,,
seed_2026,2026,98,3365,1.0153445202052596,5,,,,
seed_2026,2026,99,3369,1.0153445202052596,5,,,,
seed_2026,2026,100,3374,1.0153445202052596,5,,,,
seed_21235,21235,1,200,0.0,2,,,,
seed_21235,21235,2,293,0.0,3,,,,
seed_21235,21235,3,389,0.6891780374035851,1,,,,
seed_21235,21235,4,483,0.6891780374035851,1,,,,
seed_21235,21235,5,573,0.6891780374035851,1,,,,
seed_21235,21235,6,663,0.6891780374035851,1,,,,
seed_21235,21235,7,753,0.6891780374035851,1,,,,
seed_21235,21235,8,839,0.7988253805499774,2,,,,
seed_21235,21235,9,921,0.7988253805499774,2,,,,
seed_21235,21235,10,1002,0.7988253805499774,2,,,,
seed_21235,21235,11,1085,0.7988253805499774,2,,,,
seed_21235,21235,12,1163,0.7988253805499774,2,,,,
seed_21235,21235,13,1244,0.7988253805499774,2,,,,
seed_21235,21235,14,1315,0.799738265265679,3,,,,
seed_21235,21235,15,1384,0.799738265265679,3,,,,
seed_21235,21235,16,1445,1.0108170577406819,4,,,,
seed_21235,21235,17,1508,1.0139043299203345,5,,,,
seed_21235,21235,18,1577,1.0139043299203345,5,,,,
seed_21235,21235,19,1634,1.0139043299203345,5,,,,
seed_21235,21235,20,1697,1.0139043299203345,5,,,,
seed_21235,21235,21,1756,1.0153445202052596,5,,,,
seed_21235,21235,22,1821,1.0153445202052596,5,,,,
seed_21235,21235,23,1879,1.0153445202052596,5,,,,
seed_21235,21235,24,1934,1.0153445202052596,5,,,,
seed_21235,21235,25,1979,1.0153445202052596,5,,,,
seed_21235,21235,26,2036,1.0153445202052596,5,,,,
seed_21235,21235,27,2081,1.0153445202052596,5,,,,
seed_21235,21235,28,2122,1.0153445202052596,5,,,,
seed_21235,21235,29,2164,1.0153445202052596,5,,,,
seed_21235,21235,30,2211,1.0153445202052596,5,,,,
seed_21235,21235,31,2250,1.0153445202052596,5,,,,
seed_21235,21235,32,2285,1.0153445202052596,5,,,,
seed_21235,21235,33,2325,1.0153445202052596,5,,,,
seed_21235,21235,34,2368,1.0153445202052596,5,,,,
seed_21235,21235,35,2397,1.0153445202052596,5,,,,
seed_21235,21235,36,2425,1.0153445202052596,5,,,,
seed_21235,21235,37,2462,1.0153445202052596,5,,,,
seed_21235,21235,38,2501,1.0153445202052596,5,,,,
seed_21235,21235,39,2530,1.0153445202052596,5,,,,
seed_21235,21235,40,2554,1.0153445202052596,5,,,,
seed_21235,21235,41,2581,1.0153445202052596,5,,,,
seed_21235,21235,42,2611,1.0153445202052596,5,,,,
seed_21235,21235,43,2642,1.0153445202052596,5,,,,
seed_21235,21235,44,2674,1.0153445202052596,5,,,,
seed_21235,21235,45,2700,1.0153445202052596,5,,,,
seed_21235,21235,46,2721,1.0153445202052596,5,,,,
seed_21235,21235,47,2742,1.0153445202052596,5,,,,
seed_21235,21235,48,2761,1.0153445202052596,5,,,,
seed_21235,21235,49,2780,1.0153445202052596,5,,,,
seed_21235,21235,50,2809,1.0153445202052596,5,,,,
seed_21235,21235,51,2834,1.0153445202052596,5,,,,
seed_21235,21235,52,2852,1.0153445202052596,5,,,,
seed_21235,21235,53,2877,1.0153445202052596,5,,,,
seed_21235,21235,54,2901,1.0153445202052596,5,,,,
seed_21235,21235,55,2915,1.0153445202052596,5,,,,
seed_21235,21235,56,2935,1.0153445202052596,5,,,,
seed_21235,21235,57,2954,1.0153445202052596,5,,,,
seed_21235,21235,58,2981,1.0153445202052596,5,,,,
seed_21235,21235,59,3002,1.0153445202052596,5,,,,
seed_21235,21235,60,3022,1.0153445202052596,5,,,,
seed_21235,21235,61,3041,1.0153445202052596,5,,,,
seed_21235,21235,62,3053,1.0153445202052596,5,,,,
seed_21235,21235,63,3066,1.0153445202052596,5,,,,
seed_21235,21235,64,3070,1.0153445202052596,5,,,,
seed_21235,21235,65,3083,1.0153445202052596,5,,,,
seed_21235,21235,66,3106,1.0153445202052596,5,,,,
seed_21235,21235,67,3114,1.0153445202052596,5,,,,
seed_21235,21235,68,3131,1.0153445202052596,5,,,,
seed_21235,21235,69,3142,1.0153445202052596,5,,,,
seed_21235,21235,70,3151,1.0153445202052596,5,,,,
seed_21235,21235,71,3158,1.0153445202052596,5,,,,
seed_21235,21235,72,3173,1.0153445202052596,5,,,,
seed_21235,21235,73,3188,1.0153445202052596,5,,,,
seed_21235,21235,74,3199,1.0153445202052596,5,,,,
seed_21235,21235,75,3217,1.0153445202052596,5,,,,
seed_21235,21235,76,3224,1.0153445202052596,5,,,,
seed_21235,21235,77,3232,1.0153445202052596,5,,,,
seed_21235,21235,78,3249,1.0153445202052596,5,,,,
seed_21235,21235,79,3261,1.0153445202052596,5,,,,
seed_21235,21235,80,3279,1.0153445202052596,5,,,,
seed_21235,21235,81,3286,1.0153445202052596,5,,,,
seed_21235,21235,82,3292,1.0153445202052596,5,,,,
seed_21235,21235,83,3302,1.0153445202052596,5,,,,
seed_21235,21235,84,3306,1.0153445202052596,5,,,,
seed_21235,21235,85,3313,1.0153445202052596,5,,,,
seed_21235,21235,86,3320,1.0153445202052596,5,,,,
seed_21235,21235,87,3325,1.0153445202052596,5,,,,
seed_21235,21235,88,3331,1.0153445202052596,5,,,,
seed_21235,21235,89,3339,1.0153445202052596,5,,,,
seed_21235,21235,90,3346,1.0153445202052596,5,,,,
seed_21235,21235,91,3348,1.0153445202052596,5,,,,
seed_21235,21235,92,3353,1.0153445202052596,5,,,,
seed_21235,21235,93,3363,1.0153445202052596,5,,,,
seed_21235,21235,94,3369,1.0153445202052596,5,,,,
seed_21235,21235,95,3380,1.0153445202052596,5,,,,
seed_21235,21235,96,3385,1.0153445202052596,5,,,,
seed_21235,21235,97,3392,1.0153445202052596,5,,,,
seed_21235,21235,98,3400,1.0153445202052596,5,,,,
seed_21235,21235,99,3406,1.0153445202052596,5,,,,
seed_21235,21235,100,3415,1.0153445202052596,5,,,,
seed_22346,22346,1,200,0.0,1,,,,
seed_22346,22346,2,299,0.0,2,,,,
seed_22346,22346,3,397,0.0,2,,,,
seed_22346,22346,4,492,0.22805987535696423,2,,,,
seed_22346,22346,5,580,0.22805987535696423,2,,,,
seed_22346,22346,6,672,0.7895178243071238,2,,,,
seed_22346,22346,7,764,0.7904307090228253,3,,,,
seed_22346,22346,8,847,0.7904307090228253,3,,,,
seed_22346,22346,9,927,0.799738265265679,3,,,,
seed_22346,22346,10,1011,0.799738265265679,3,,,,
seed_22346,22346,11,1092,0.799738265265679,3,,,,
seed_22346,22346,12,1158,0.799738265265679,3,,,,
seed_22346,22346,13,1234,0.8093371535014091,4,,,,
seed_22346,22346,14,1307,0.8838978619666535,4,,,,
seed_22346,22346,15,1382,0.8838978619666535,4,,,,
seed_22346,22346,16,1448,0.8838978619666535,4,,,,
seed_22346,22346,17,1507,0.8838978619666535,4,,,,
seed_22346,22346,18,1563,0.8838978619666535,4,,,,
seed_22346,22346,19,1615,0.8838978619666535,4,,,,
seed_22346,22346,20,1671,0.8838978619666535,4,,,,
seed_22346,22346,21,1736,0.8838978619666535,4,,,,
seed_22346,22346,22,1789,0.8838978619666535,4,,,,
seed_22346,22346,23,1836,0.8838978619666535,4,,,,
seed_22346,22346,24,1881,0.8838978619666535,4,,,,
seed_22346,22346,25,1929,1.0122572480256067,4,,,,
seed_22346,22346,26,1972,1.0122572480256067,4,,,,
seed_22346,22346,27,2015,1.0122572480256067,4,,,,
seed_22346,22346,28,2050,1.0122572480256067,4,,,,
seed_22346,22346,29,2098,1.0122572480256067,4,,,,
seed_22346,22346,30,2130,1.0122572480256067,4,,,,
seed_22346,22346,31,2167,1.0122572480256067,4,,,,
seed_22346,22346,32,2209,1.0122572480256067,4,,,,
seed_22346,22346,33,2242,1.0122572480256067,4,,,,
seed_22346,22346,34,2279,1.0122572480256067,4,,,,
seed_22346,22346,35,2315,1.0122572480256067,4,,,,
seed_22346,22346,36,2344,1.0122572480256067,4,,,,
seed_22346,22346,37,2372,1.0122572480256067,4,,,,
seed_22346,22346,38,2399,1.0122572480256067,4,,,,
seed_22346,22346,39,2430,1.0122572480256067,4,,,,
seed_22346,22346,40,2458,1.0122572480256067,4,,,,
seed_22346,22346,41,2488,1.0122572480256067,4,,,,
seed_22346,22346,42,2513,1.0122572480256067,4,,,,
seed_22346,22346,43,2537,1.0122572480256067,4,,,,
seed_22346,22346,44,2565,1.0122572480256067,4,,,,
seed_22346,22346,45,2590,1.0153445202052596,5,,,,
seed_22346,22346,46,2611,1.0153445202052596,5,,,,
seed_22346,22346,47,2641,1.0153445202052596,5,,,,
seed_22346,22346,48,2662,1.0153445202052596,5,,,,
seed_22346,22346,49,2682,1.0153445202052596,5,,,,
seed_22346,22346,50,2702,1.0153445202052596,5,,,,
seed_22346,22346,51,2721,1.0153445202052596,5,,,,
seed_22346,22346,52,2740,1.0153445202052596,5,,,,
seed_22346,22346,53,2758,1.0153445202052596,5,,,,
seed_22346,22346,54,2778,1.0153445202052596,5,,,,
seed_22346,22346,55,2793,1.0153445202052596,5,,,,
seed_22346,22346,56,2811,1.0153445202052596,5,,,,
seed_22346,22346,57,2829,1.0153445202052596,5,,,,
seed_22346,22346,58,2849,1.0153445202052596,5,,,,
seed_22346,22346,59,2863,1.0153445202052596,5,,,,
seed_22346,22346,60,2880,1.0153445202052596,5,,,,
seed_22346,22346,61,2903,1.0153445202052596,5,,,,
seed_22346,22346,62,2916,1.0153445202052596,5,,,,
seed_22346,22346,63,2927,1.0153445202052596,5,,,,
seed_22346,22346,64,2933,1.0153445202052596,5,,,,
seed_22346,22346,65,2946,1.0153445202052596,5,,,,
seed_22346,22346,66,2958,1.0153445202052596,5,,,,
seed_22346,22346,67,2972,1.0153445202052596,5,,,,
seed_22346,22346,68,2983,1.0153445202052596,5,,,,
seed_22346,22346,69,2999,1.0153445202052596,5,,,,
seed_22346,22346,70,3006,1.0153445202052596,5,,,,
seed_22346,22346,71,3016,1.0153445202052596,5,,,,
seed_22346,22346,72,3029,1.0153445202052596,5,,,,
seed_22346,22346,73,3039,1.0153445202052596,5,,,,
seed_22346,22346,74,3043,1.0153445202052596,5,,,,
seed_22346,22346,75,3055,1.0153445202052596,5,,,,
seed_22346,22346,76,3065,1.0153445202052596,5,,,,
seed_22346,22346,77,3074,1.0153445202052596,5,,,,
seed_22346,22346,78,3084,1.0153445202052596,5,,,,
seed_22346,22346,79,3092,1.0153445202052596,5,,,,
seed_22346,22346,80,3099,1.0153445202052596,5,,,,
seed_22346,22346,81,3109,1.0153445202052596,5,,,,
seed_22346,22346,82,3122,1.0153445202052596,5,,,,
seed_22346,22346,83,3129,1.0153445202052596,5,,,,
seed_22346,22346,84,3139,1.0153445202052596,5,,,,
seed_22346,22346,85,3152,1.0153445202052596,5,,,,
seed_22346,22346,86,3162,1.0153445202052596,5,,,,
seed_22346,22346,87,3169,1.0153445202052596,5,,,,
seed_22346,22346,88,3181,1.0153445202052596,5,,,,
seed_22346,22346,89,3190,1.0153445202052596,5,,,,
seed_22346,22346,90,3198,1.0153445202052596,5,,,,
seed_22346,22346,91,3201,1.0153445202052596,5,,,,
seed_22346,22346,92,3207,1.0153445202052596,5,,,,
seed_22346,22346,93,3211,1.0153445202052596,5,,,,
seed_22346,22346,94,3219,1.0153445202052596,5,,,,
seed_22346,22346,95,3225,1.0153445202052596,5,,,,
seed_22346,22346,96,3230,1.0153445202052596,5,,,,
seed_22346,22346,97,3236,1.0153445202052596,5,,,,
seed_22346,22346,98,3246,1.0153445202052596,5,,,,
seed_22346,22346,99,3250,1.0153445202052596,5,,,,
seed_22346,22346,100,3253,1.0153445202052596,5,,,,
seed_24680,24680,1,200,0.0,2,,,,
seed_24680,24680,2,299,0.0,3,,,,
seed_24680,24680,3,396,0.010872000995762668,5,,,,
seed_24680,24680,4,489,0.010872000995762668,5,,,,
seed_24680,24680,5,582,0.258088666650425,4,,,,
seed_24680,24680,6,676,0.258088666650425,4,,,,
seed_24680,24680,7,761,0.258088666650425,3,,,,
seed_24680,24680,8,847,0.258088666650425,2,,,,
seed_24680,24680,9,930,0.258088666650425,2,,,,
seed_24680,24680,10,998,0.258088666650425,2,,,,
seed_24680,24680,11,1081,0.27428263344267495,3,,,,
seed_24680,24680,12,1161,0.27428263344267495,4,,,,
seed_24680,24680,13,1242,0.37741739589178264,3,,,,
seed_24680,24680,14,1315,0.6900909221192866,2,,,,
seed_24680,24680,15,1377,0.6900909221192866,2,,,,
seed_24680,24680,16,1449,0.6900909221192866,2,,,,
seed_24680,24680,17,1519,0.8796832279818487,3,,,,
seed_24680,24680,18,1586,0.8796832279818487,3,,,,
seed_24680,24680,19,1650,0.8894309922448385,4,,,,
seed_24680,24680,20,1714,1.0153445202052596,5,,,,
seed_24680,24680,21,1778,1.0153445202052596,5,,,,
seed_24680,24680,22,1825,1.0153445202052596,5,,,,
seed_24680,24680,23,1880,1.0153445202052596,5,,,,
seed_24680,24680,24,1920,1.0153445202052596,5,,,,
seed_24680,24680,25,1985,1.0153445202052596,5,,,,
seed_24680,24680,26,2043,1.0153445202052596,5,,,,
seed_24680,24680,27,2093,1.0153445202052596,5,,,,
seed_24680,24680,28,2141,1.0153445202052596,5,,,,
seed_24680,24680,29,2182,1.0153445202052596,5,,,,
seed_24680,24680,30,2231,1.0153445202052596,5,,,,
seed_24680,24680,31,2267,1.0153445202052596,5,,,,
seed_24680,24680,32,2310,1.0153445202052596,5,,,,
seed_24680,24680,33,2348,1.0153445202052596,5,,,,
seed_24680,24680,34,2381,1.0153445202052596,5,,,,
seed_24680,24680,35,2414,1.0153445202052596,5,,,,
seed_24680,24680,36,2448,1.0153445202052596,5,,,,
seed_24680,24680,37,2484,1.0153445202052596,5,,,,
seed_24680,24680,38,2519,1.0153445202052596,5,,,,
seed_24680,24680,39,2547,1.0153445202052596,5,,,,
seed_24680,24680,40,2576,1.0153445202052596,5,,,,
seed_24680,24680,41,2612,1.0153445202052596,5,,,,
seed_24680,24680,42,2652,1.0153445202052596,5,,,,
seed_24680,24680,43,2690,1.0153445202052596,5,,,,
seed_24680,24680,44,2717,1.0153445202052596,5,,,,
seed_24680,24680,45,2750,1.0153445202052596,5,,,,
seed_24680,24680,46,2780,1.0153445202052596,5,,,,
seed_24680,24680,47,2805,1.0153445202052596,5,,,,
seed_24680,24680,48,2829,1.0153445202052596,5,,,,
seed_24680,24680,49,2849,1.0153445202052596,5,,,,
seed_24680,24680,50,2874,1.0153445202052596,5,,,,
seed_24680,24680,51,2901,1.0153445202052596,5,,,,
seed_24680,24680,52,2913,1.0153445202052596,5,,,,
seed_24680,24680,53,2935,1.0153445202052596,5,,,,
seed_24680,24680,54,2952,1.0153445202052596,5,,,,
seed_24680,24680,55,2966,1.0153445202052596,5,,,,
seed_24680,24680,56,2985,1.0153445202052596,5,,,,
seed_24680,24680,57,3007,1.0153445202052596,5,,,,
seed_24680,24680,58,3022,1.0153445202052596,5,,,,
seed_24680,24680,59,3038,1.0153445202052596,5,,,,
seed_24680,24680,60,3043,1.0153445202052596,5,,,,
seed_24680,24680,61,3059,1.0153445202052596,5,,,,
seed_24680,24680,62,3078,1.0153445202052596,5,,,,
seed_24680,24680,63,3094,1.0153445202052596,5,,,,
seed_24680,24680,64,3105,1.0153445202052596,5,,,,
seed_24680,24680,65,3123,1.0153445202052596,5,,,,
seed_24680,24680,66,3135,1.0153445202052596,5,,,,
seed_24680,24680,67,3152,1.0153445202052596,5,,,,
seed_24680,24680,68,3172,1.0153445202052596,5,,,,
seed_24680,24680,69,3184,1.0153445202052596,5,,,,
seed_24680,24680,70,3197,1.0153445202052596,5,,,,
seed_24680,24680,71,3210,1.0153445202052596,5,,,,
seed_24680,24680,72,3226,1.0153445202052596,5,,,,
seed_24680,24680,73,3234,1.0153445202052596,5,,,,
seed_24680,24680,74,3244,1.0153445202052596,5,,,,
seed_24680,24680,75,3260,1.0153445202052596,5,,,,
seed_24680,24680,76,3272,1.0153445202052596,5,,,,
seed_24680,24680,77,3279,1.0153445202052596,5,,,,
seed_24680,24680,78,3286,1.0153445202052596,5,,,,
seed_24680,24680,79,3295,1.0153445202052596,5,,,,
seed_24680,24680,80,3305,1.0153445202052596,5,,,,
seed_24680,24680,81,3312,1.0153445202052596,5,,,,
seed_24680,24680,82,3319,1.0153445202052596,5,,,,
seed_24680,24680,83,3329,1.0153445202052596,5,,,,
seed_24680,24680,84,3340,1.0153445202052596,5,,,,
seed_24680,24680,85,3348,1.0153445202052596,5,,,,
seed_24680,24680,86,3360,1.0153445202052596,5,,,,
seed_24680,24680,87,3365,1.0153445202052596,5,,,,
seed_24680,24680,88,3374,1.0153445202052596,5,,,,
seed_24680,24680,89,3385,1.0153445202052596,5,,,,
seed_24680,24680,90,3392,1.0153445202052596,5,,,,
seed_24680,24680,91,3404,1.0153445202052596,5,,,,
seed_24680,24680,92,3411,1.0153445202052596,5,,,,
seed_24680,24680,93,3423,1.0153445202052596,5,,,,
seed_24680,24680,94,3430,1.0153445202052596,5,,,,
seed_24680,24680,95,3438,1.0153445202052596,5,,,,
seed_24680,24680,96,3448,1.0153445202052596,5,,,,
seed_24680,24680,97,3455,1.0153445202052596,5,,,,
seed_24680,24680,98,3459,1.0153445202052596,5,,,,
seed_24680,24680,99,3464,1.0153445202052596,5,,,,
seed_24680,24680,100,3471,1.0153445202052596,5,,,,
seed_27182,27182,1,200,0.0,2,,,,
seed_27182,27182,2,295,0.0,3,,,,
seed_27182,27182,3,390,0.0,3,,,,
seed_27182,27182,4,486,0.0,3,,,,
seed_27182,27182,5,582,0.07497290697330078,3,,,,
seed_27182,27182,6,670,0.37361166105310956,3,,,,
seed_27182,27182,7,764,0.40169867967613326,2,,,,
seed_27182,27182,8,846,0.9907740456138221,3,,,,
seed_27182,27182,9,929,0.9930869581017526,4,,,,
seed_27182,27182,10,1005,0.9977084901829422,4,,,,
seed_27182,27182,11,1081,0.9977904944844902,5,,,,
seed_27182,27182,12,1156,1.0005966167821265,5,,,,
seed_27182,27182,13,1237,1.0005966167821265,5,,,,
seed_27182,27182,14,1309,1.0015095014978281,4,,,,
seed_27182,27182,15,1380,1.002949691782753,4,,,,
seed_27182,27182,16,1450,1.0153445202052596,5,,,,
seed_27182,27182,17,1521,1.0153445202052596,5,,,,
seed_27182,27182,18,1592,1.0153445202052596,5,,,,
seed_27182,27182,19,1658,1.0153445202052596,5,,,,
seed_27182,27182,20,1711,1.0153445202052596,5,,,,
seed_27182,27182,21,1774,1.0153445202052596,5,,,,
seed_27182,27182,22,1828,1.0153445202052596,5,,,,
seed_27182,27182,23,1875,1.0153445202052596,5,,,,
seed_27182,27182,24,1921,1.0153445202052596,5,,,,
seed_27182,27182,25,1966,1.0153445202052596,5,,,,
seed_27182,27182,26,2015,1.0153445202052596,5,,,,
seed_27182,27182,27,2063,1.0153445202052596,5,,,,
seed_27182,27182,28,2108,1.0153445202052596,5,,,,
seed_27182,27182,29,2141,1.0153445202052596,5,,,,
seed_27182,27182,30,2166,1.0153445202052596,5,,,,
seed_27182,27182,31,2201,1.0153445202052596,5,,,,
seed_27182,27182,32,2236,1.0153445202052596,5,,,,
seed_27182,27182,33,2264,1.0153445202052596,5,,,,
seed_27182,27182,34,2300,1.0153445202052596,5,,,,
seed_27182,27182,35,2336,1.0153445202052596,5,,,,
seed_27182,27182,36,2375,1.0153445202052596,5,,,,
seed_27182,27182,37,2406,1.0153445202052596,5,,,,
seed_27182,27182,38,2435,1.0153445202052596,5,,,,
seed_27182,27182,39,2461,1.0153445202052596,5,,,,
seed_27182,27182,40,2490,1.0153445202052596,5,,,,
seed_27182,27182,41,2508,1.0153445202052596,5,,,,
seed_27182,27182,42,2529,1.0153445202052596,5,,,,
seed_27182,27182,43,2555,1.0153445202052596,5,,,,
seed_27182,27182,44,2580,1.0153445202052596,5,,,,
seed_27182,27182,45,2608,1.0153445202052596,5,,,,
seed_27182,27182,46,2632,1.0153445202052596,5,,,,
seed_27182,27182,47,2652,1.0153445202052596,5,,,,
seed_27182,27182,48,2669,1.0153445202052596,5,,,,
seed_27182,27182,49,2685,1.0153445202052596,5,,,,
seed_27182,27182,50,2709,1.0153445202052596,5,,,,
seed_27182,27182,51,2738,1.0153445202052596,5,,,,
seed_27182,27182,52,2751,1.0153445202052596,5,,,,
seed_27182,27182,53,2772,1.0153445202052596,5,,,,
seed_27182,27182,54,2786,1.0153445202052596,5,,,,
seed_27182,27182,55,2807,1.0153445202052596,5,,,,
seed_27182,27182,56,2825,1.0153445202052596,5,,,,
seed_27182,27182,57,2844,1.0153445202052596,5,,,,
seed_27182,27182,58,2866,1.0153445202052596,5,,,,
seed_27182,27182,59,2879,1.0153445202052596,5,,,,
seed_27182,27182,60,2892,1.0153445202052596,5,,,,
seed_27182,27182,61,2904,1.0153445202052596,5,,,,
seed_27182,27182,62,2914,1.0153445202052596,5,,,,
seed_27182,27182,63,2923,1.0153445202052596,5,,,,
seed_27182,27182,64,2940,1.0153445202052596,5,,,,
seed_27182,27182,65,2956,1.0153445202052596,5,,,,
seed_27182,27182,66,2965,1.0153445202052596,5,,,,
seed_27182,27182,67,2975,1.0153445202052596,5,,,,
seed_27182,27182,68,2994,1.0153445202052596,5,,,,
seed_27182,27182,69,3005,1.0153445202052596,5,,,,
seed_27182,27182,70,3025,1.0153445202052596,5,,,,
seed_27182,27182,71,3035,1.0153445202052596,5,,,,
seed_27182,27182,72,3049,1.0153445202052596,5,,,,
seed_27182,27182,73,3062,1.0153445202052596,5,,,,
seed_27182,27182,74,3077,1.0153445202052596,5,,,,
seed_27182,27182,75,3084,1.0153445202052596,5,,,,
seed_27182,27182,76,3092,1.0153445202052596,5,,,,
seed_27182,27182,77,3102,1.0153445202052596,5,,,,
seed_27182,27182,78,3108,1.0153445202052596,5,,,,
seed_27182,27182,79,3117,1.0153445202052596,5,,,,
seed_27182,27182,80,3125,1.0153445202052596,5,,,,
seed_27182,27182,81,3135,1.0153445202052596,5,,,,
seed_27182,27182,82,3145,1.0153445202052596,5,,,,
seed_27182,27182,83,3148,1.0153445202052596,5,,,,
seed_27182,27182,84,3158,1.0153445202052596,5,,,,
seed_27182,27182,85,3166,1.0153445202052596,5,,,,
seed_27182,27182,86,3172,1.0153445202052596,5,,,,
seed_27182,27182,87,3173,1.0153445202052596,5,,,,
seed_27182,27182,88,3186,1.0153445202052596,5,,,,
seed_27182,27182,89,3192,1.0153445202052596,5,,,,
seed_27182,27182,90,3204,1.0153445202052596,5,,,,
seed_27182,27182,91,3207,1.0153445202052596,5,,,,
seed_27182,27182,92,3214,1.0153445202052596,5,,,,
seed_27182,27182,93,3222,1.0153445202052596,5,,,,
seed_27182,27182,94,3228,1.0153445202052596,5,,,,
seed_27182,27182,95,3233,1.0153445202052596,5,,,,
seed_27182,27182,96,3241,1.0153445202052596,5,,,,
seed_27182,27182,97,3252,1.0153445202052596,5,,,,
seed_27182,27182,98,3256,1.0153445202052596,5,,,,
seed_27182,27182,99,3261,1.0153445202052596,5,,,,
seed_27182,27182,100,3265,1.0153445202052596,5,,,,
seed_31415,31415,1,200,0.0,1,,,,
seed_31415,31415,2,297,0.0,2,,,,
seed_31415,31415,3,394,0.14459301664053142,4,,,,
seed_31415,31415,4,490,0.14459301664053142,4,,,,
seed_31415,31415,5,579,0.14459301664053142,5,,,,
seed_31415,31415,6,669,0.14459301664053142,6,,,,
seed_31415,31415,7,753,0.14459301664053142,4,,,,
seed_31415,31415,8,836,0.866574660424109,2,,,,
seed_31415,31415,9,920,0.866574660424109,3,,,,
seed_31415,31415,10,1001,0.866574660424109,3,,,,
seed_31415,31415,11,1075,0.8707892944089137,4,,,,
seed_31415,31415,12,1154,0.8707892944089137,5,,,,
seed_31415,31415,13,1232,0.8707892944089137,5,,,,
seed_31415,31415,14,1301,0.8707892944089137,4,,,,
seed_31415,31415,15,1377,0.8755936914626121,4,,,,
seed_31415,31415,16,1444,0.8755936914626121,4,,,,
seed_31415,31415,17,1516,0.8755936914626121,5,,,,
seed_31415,31415,18,1580,1.011344363309905,4,,,,
seed_31415,31415,19,1646,1.011344363309905,4,,,,
seed_31415,31415,20,1707,1.011344363309905,4,,,,
seed_31415,31415,21,1768,1.014431635489558,5,,,,
seed_31415,31415,22,1829,1.014431635489558,5,,,,
seed_31415,31415,23,1883,1.014431635489558,5,,,,
seed_31415,31415,24,1933,1.014431635489558,5,,,,
seed_31415,31415,25,1975,1.014431635489558,5,,,,
seed_31415,31415,26,2020,1.014431635489558,5,,,,
seed_31415,31415,27,2063,1.014431635489558,5,,,,
seed_31415,31415,28,2107,1.014431635489558,5,,,,
seed_31415,31415,29,2148,1.014431635489558,5,,,,
seed_31415,31415,30,2192,1.014431635489558,5,,,,
seed_31415,31415,31,2231,1.014431635489558,5,,,,
seed_31415,31415,32,2269,1.014431635489558,5,,,,
seed_31415,31415,33,2310,1.014431635489558,5,,,,
seed_31415,31415,34,2344,1.014431635489558,5,,,,
seed_31415,31415,35,2379,1.014431635489558,5,,,,
seed_31415,31415,36,2410,1.014431635489558,6,,,,
seed_31415,31415,37,2441,1.014431635489558,6,,,,
seed_31415,31415,38,2476,1.014431635489558,6,,,,
seed_31415,31415,39,2517,1.0153445202052596,5,,,,
seed_31415,31415,40,2550,1.0153445202052596,5,,,,
seed_31415,31415,41,2582,1.0153445202052596,5,,,,
seed_31415,31415,42,2604,1.0153445202052596,5,,,,
seed_31415,31415,43,2635,1.0153445202052596,5,,,,
seed_31415,31415,44,2661,1.0153445202052596,5,,,,
seed_31415,31415,45,2688,1.0153445202052596,5,,,,
seed_31415,31415,46,2712,1.0153445202052596,5,,,,
seed_31415,31415,47,2735,1.0153445202052596,5,,,,
seed_31415,31415,48,2764,1.0153445202052596,5,,,,
seed_31415,31415,49,2783,1.0153445202052596,5,,,,
seed_31415,31415,50,2804,1.0153445202052596,5,,,,
seed_31415,31415,51,2826,1.0153445202052596,5,,,,
seed_31415,31415,52,2845,1.0153445202052596,5,,,,
seed_31415,31415,53,2861,1.0153445202052596,5,,,,
seed_31415,31415,54,2881,1.0153445202052596,5,,,,
seed_31415,31415,55,2895,1.0153445202052596,5,,,,
seed_31415,31415,56,2906,1.0153445202052596,5,,,,
seed_31415,31415,57,2931,1.0153445202052596,5,,,,
seed_31415,31415,58,2942,1.0153445202052596,5,,,,
seed_31415,31415,59,2958,1.0153445202052596,5,,,,
seed_31415,31415,60,2976,1.0153445202052596,5,,,,
seed_31415,31415,61,2987,1.0153445202052596,5,,,,
seed_31415,31415,62,3011,1.0153445202052596,5,,,,
seed_31415,31415,63,3026,1.0153445202052596,5,,,,
seed_31415,31415,64,3041,1.0153445202052596,5,,,,
seed_31415,31415,65,3050,1.0153445202052596,5,,,,
seed_31415,31415,66,3058,1.0153445202052596,5,,,,
seed_31415,31415,67,3073,1.0153445202052596,5,,,,
seed_31415,31415,68,3084,1.0153445202052596,5,,,,
seed_31415,31415,69,3100,1.0153445202052596,5,,,,
seed_31415,31415,70,3111,1.0153445202052596,5,,,,
seed_31415,31415,71,3131,1.0153445202052596,5,,,,
seed_31415,31415,72,3146,1.0153445202052596,5,,,,
seed_31415,31415,73,3153,1.0153445202052596,5,,,,
seed_31415,31415,74,3163,1.0153445202052596,5,,,,
seed_31415,31415,75,3172,1.0153445202052596,5,,,,
seed_31415,31415,76,3178,1.0153445202052596,5,,,,
seed_31415,31415,77,3189,1.0153445202052596,5,,,,
seed_31415,31415,78,3197,1.0153445202052596,5,,,,
seed_31415,31415,79,3208,1.0153445202052596,5,,,,
seed_31415,31415,80,3220,1.0153445202052596,5,,,,
seed_31415,31415,81,3224,1.0153445202052596,5,,,,
seed_31415,31415,82,3231,1.0153445202052596,5,,,,
seed_31415,31415,83,3240,1.0153445202052596,5,,,,
seed_31415,31415,84,3245,1.0153445202052596,5,,,,
seed_31415,31415,85,3251,1.0153445202052596,5,,,,
seed_31415,31415,86,3254,1.0153445202052596,5,,,,
seed_31415,31415,87,3264,1.0153445202052596,5,,,,
seed_31415,31415,88,3268,1.0153445202052596,5,,,,
seed_31415,31415,89,3277,1.0153445202052596,5,,,,
seed_31415,31415,90,3284,1.0153445202052596,5,,,,
seed_31415,31415,91,3289,1.0153445202052596,5,,,,
seed_31415,31415,92,3294,1.0153445202052596,5,,,,
seed_31415,31415,93,3301,1.0153445202052596,5,,,,
seed_31415,31415,94,3308,1.0153445202052596,5,,,,
seed_31415,31415,95,3320,1.0153445202052596,5,,,,
seed_31415,31415,96,3328,1.0153445202052596,5,,,,
seed_31415,31415,97,3337,1.0153445202052596,5,,,,
seed_31415,31415,98,3344,1.0153445202052596,5,,,,
seed_31415,31415,99,3348,1.0153445202052596,5,,,,
seed_31415,31415,100,3357,1.0153445202052596,5,,,,
seed_32346,32346,1,200,0.0,2,,,,
seed_32346,32346,2,298,0.0,2,,,,
seed_32346,32346,3,395,0.17396820974749796,2,,,,
seed_32346,32346,4,492,0.9835375354413092,2,,,,
seed_32346,32346,5,581,0.9835375354413092,2,,,,
seed_32346,32346,6,670,0.9835375354413092,2,,,,
seed_32346,32346,7,755,0.9835375354413092,2,,,,
seed_32346,32346,8,843,0.9835375354413092,3,,,,
seed_32346,32346,9,926,0.988122379677266,3,,,,
seed_32346,32346,10,1010,1.0079289011253874,2,,,,
seed_32346,32346,11,1088,1.0099041730249803,3,,,,
seed_32346,32346,12,1156,1.0099041730249803,3,,,,
seed_32346,32346,13,1223,1.0099041730249803,3,,,,
seed_32346,32346,14,1292,1.0099041730249803,3,,,,
seed_32346,32346,15,1367,1.0099041730249803,3,,,,
seed_32346,32346,16,1437,1.0099041730249803,3,,,,
seed_32346,32346,17,1498,1.0122572480256067,4,,,,
seed_32346,32346,18,1559,1.0122572480256067,4,,,,
seed_32346,32346,19,1614,1.0122572480256067,4,,,,
seed_32346,32346,20,1672,1.0122572480256067,4,,,,
seed_32346,32346,21,1730,1.0122572480256067,4,,,,
seed_32346,32346,22,1778,1.0122572480256067,4,,,,
seed_32346,32346,23,1839,1.0122572480256067,4,,,,
seed_32346,32346,24,1892,1.0122572480256067,4,,,,
seed_32346,32346,25,1933,1.0122572480256067,4,,,,
seed_32346,32346,26,1978,1.0122572480256067,4,,,,
seed_32346,32346,27,2024,1.0153445202052596,5,,,,
seed_32346,32346,28,2072,1.0153445202052596,5,,,,
seed_32346,32346,29,2114,1.0153445202052596,5,,,,
seed_32346,32346,30,2155,1.0153445202052596,5,,,,
seed_32346,32346,31,2196,1.0153445202052596,5,,,,
seed_32346,32346,32,2237,1.0153445202052596,5,,,,
seed_32346,32346,33,2275,1.0153445202052596,5,,,,
seed_32346,32346,34,2311,1.0153445202052596,5,,,,
seed_32346,32346,35,2348,1.0153445202052596,5,,,,
seed_32346,32346,36,2380,1.0153445202052596,5,,,,
seed_32346,32346,37,2416,1.0153445202052596,5,,,,
seed_32346,32346,38,2448,1.0153445202052596,5,,,,
seed_32346,32346,39,2481,1.0153445202052596,5,,,,
seed_32346,32346,40,2505,1.0153445202052596,5,,,,
seed_32346,32346,41,2538,1.0153445202052596,5,,,,
seed_32346,32346,42,2565,1.0153445202052596,5,,,,
seed_32346,32346,43,2596,1.0153445202052596,5,,,,
seed_32346,32346,44,2626,1.0153445202052596,5,,,,
seed_32346,32346,45,2652,1.0153445202052596,5,,,,
seed_32346,32346,46,2676,1.0153445202052596,5,,,,
seed_32346,32346,47,2700,1.0153445202052596,5,,,,
seed_32346,32346,48,2720,1.0153445202052596,5,,,,
seed_32346,32346,49,2742,1.0153445202052596,5,,,,
seed_32346,32346,50,2757,1.0153445202052596,5,,,,
seed_32346,32346,51,2778,1.0153445202052596,5,,,,
seed_32346,32346,52,2802,1.0153445202052596,5,,,,
seed_32346,32346,53,2826,1.0153445202052596,5,,,,
seed_32346,32346,54,2848,1.0153445202052596,5,,,,
seed_32346,32346,55,2870,1.0153445202052596,5,,,,
seed_32346,32346,56,2888,1.0153445202052596,5,,,,
seed_32346,32346,57,2905,1.0153445202052596,5,,,,
seed_32346,32346,58,2921,1.0153445202052596,5,,,,
seed_32346,32346,59,2937,1.0153445202052596,5,,,,
seed_32346,32346,60,2951,1.0153445202052596,5,,,,
seed_32346,32346,61,2965,1.0153445202052596,5,,,,
seed_32346,32346,62,2978,1.0153445202052596,5,,,,
seed_32346,32346,63,2994,1.0153445202052596,5,,,,
seed_32346,32346,64,3008,1.0153445202052596,5,,,,
seed_32346,32346,65,3020,1.0153445202052596,5,,,,
seed_32346,32346,66,3037,1.0153445202052596,5,,,,
seed_32346,32346,67,3047,1.0153445202052596,5,,,,
seed_32346,32346,68,3056,1.0153445202052596,5,,,,
seed_32346,32346,69,3065,1.0153445202052596,5,,,,
seed_32346,32346,70,3079,1.0153445202052596,5,,,,
seed_32346,32346,71,3089,1.0153445202052596,5,,,,
seed_32346,32346,72,3097,1.0153445202052596,5,,,,
seed_32346,32346,73,3105,1.0153445202052596,5,,,,
seed_32346,32346,74,3112,1.0153445202052596,5,,,,
seed_32346,32346,75,3128,1.0153445202052596,5,,,,
seed_32346,32346,76,3135,1.0153445202052596,5,,,,
seed_32346,32346,77,3143,1.0153445202052596,5,,,,
seed_32346,32346,78,3150,1.0153445202052596,5,,,,
seed_32346,32346,79,3161,1.0153445202052596,5,,,,
seed_32346,32346,80,3167,1.0153445202052596,5,,,,
seed_32346,32346,81,3175,1.0153445202052596,5,,,,
seed_32346,32346,82,3182,1.0153445202052596,5,,,,
seed_32346,32346,83,3196,1.0153445202052596,5,,,,
seed_32346,32346,84,3205,1.0153445202052596,5,,,,
seed_32346,32346,85,3211,1.0153445202052596,5,,,,
seed_32346,32346,86,3222,1.0153445202052596,5,,,,
seed_32346,32346,87,3231,1.0153445202052596,5,,,,
seed_32346,32346,88,3241,1.0153445202052596,5,,,,
seed_32346,32346,89,3247,1.0153445202052596,5,,,,
seed_32346,32346,90,3256,1.0153445202052596,5,,,,
seed_32346,32346,91,3263,1.0153445202052596,5,,,,
seed_32346,32346,92,3273,1.0153445202052596,5,,,,
seed_32346,32346,93,3281,1.0153445202052596,5,,,,
seed_32346,32346,94,3284,1.0153445202052596,5,,,,
seed_32346,32346,95,3291,1.0153445202052596,5,,,,
seed_32346,32346,96,3305,1.0153445202052596,5,,,,
seed_32346,32346,97,3313,1.0153445202052596,5,,,,
seed_32346,32346,98,3319,1.0153445202052596,5,,,,
seed_32346,32346,99,3327,1.0153445202052596,5,,,,
seed_32346,32346,100,3333,1.0153445202052596,5,,,,
seed_33457,33457,1,199,0.0,5,,,,
seed_33457,33457,2,297,0.06353096427616829,4,,,,
seed_33457,33457,3,393,0.06353096427616829,3,,,,
seed_33457,33457,4,490,0.06655937733445269,5,,,,
seed_33457,33457,5,581,0.06655937733445269,5,,,,
seed_33457,33457,6,668,0.06871023301505526,4,,,,
seed_33457,33457,7,759,0.14275188850656106,4,,,,
seed_33457,33457,8,836,0.14275188850656106,4,,,,
seed_33457,33457,9,919,0.14275188850656106,4,,,,
seed_33457,33457,10,1003,0.14275188850656106,4,,,,
seed_33457,33457,11,1085,0.21618028085715624,5,,,,
seed_33457,33457,12,1162,0.21618028085715624,5,,,,
seed_33457,33457,13,1230,0.2580731669696397,7,,,,
seed_33457,33457,14,1306,0.2580731669696397,7,,,,
seed_33457,33457,15,1375,0.6891780374035851,3,,,,
seed_33457,33457,16,1444,0.6891780374035851,3,,,,
seed_33457,33457,17,1518,0.6891780374035851,3,,,,
seed_33457,33457,18,1585,0.6891780374035851,3,,,,
seed_33457,33457,19,1650,0.7061616207267923,4,,,,
seed_33457,33457,20,1720,0.7061616207267923,4,,,,
seed_33457,33457,21,1788,0.8084242687857076,5,,,,
seed_33457,33457,22,1849,0.8084242687857076,5,,,,
seed_33457,33457,23,1903,0.8084242687857076,5,,,,
seed_33457,33457,24,1961,0.8084242687857076,5,,,,
seed_33457,33457,25,2016,0.8084242687857076,5,,,,
seed_33457,33457,26,2068,0.8150847371568857,6,,,,
seed_33457,33457,27,2120,0.8896454456221299,6,,,,
seed_33457,33457,28,2167,1.014431635489558,6,,,,
seed_33457,33457,29,2220,1.014431635489558,6,,,,
seed_33457,33457,30,2261,1.0153445202052596,5,,,,
seed_33457,33457,31,2297,1.0153445202052596,5,,,,
seed_33457,33457,32,2336,1.0153445202052596,5,,,,
seed_33457,33457,33,2375,1.0153445202052596,5,,,,
seed_33457,33457,34,2410,1.0153445202052596,5,,,,
seed_33457,33457,35,2446,1.0153445202052596,5,,,,
seed_33457,33457,36,2482,1.0153445202052596,5,,,,
seed_33457,33457,37,2517,1.0153445202052596,5,,,,
seed_33457,33457,38,2547,1.0153445202052596,5,,,,
seed_33457,33457,39,2581,1.0153445202052596,5,,,,
seed_33457,33457,40,2624,1.0153445202052596,5,,,,
seed_33457,33457,41,2659,1.0153445202052596,5,,,,
seed_33457,33457,42,2688,1.0153445202052596,5,,,,
seed_33457,33457,43,2719,1.0153445202052596,5,,,,
seed_33457,33457,44,2745,1.0153445202052596,5,,,,
seed_33457,33457,45,2775,1.0153445202052596,5,,,,
seed_33457,33457,46,2796,1.0153445202052596,5,,,,
seed_33457,33457,47,2821,1.0153445202052596,5,,,,
seed_33457,33457,48,2848,1.0153445202052596,5,,,,
seed_33457,33457,49,2874,1.0153445202052596,5,,,,
seed_33457,33457,50,2897,1.0153445202052596,5,,,,
seed_33457,33457,51,2917,1.0153445202052596,5,,,,
seed_33457,33457,52,2939,1.0153445202052596,5,,,,
seed_33457,33457,53,2957,1.0153445202052596,5,,,,
seed_33457,33457,54,2972,1.0153445202052596,5,,,,
seed_33457,33457,55,2989,1.0153445202052596,5,,,,
seed_33457,33457,56,3008,1.0153445202052596,5,,,,
seed_33457,33457,57,3025,1.0153445202052596,5,,,,
seed_33457,33457,58,3045,1.0153445202052596,5,,,,
seed_33457,33457,59,3063,1.0153445202052596,5,,,,
seed_33457,33457,60,3082,1.0153445202052596,5,,,,
seed_33457,33457,61,3102,1.0153445202052596,5,,,,
seed_33457,33457,62,3116,1.0153445202052596,5,,,,
seed_33457,33457,63,3136,1.0153445202052596,5,,,,
seed_33457,33457,64,3152,1.0153445202052596,5,,,,
seed_33457,33457,65,3167,1.0153445202052596,5,,,,
seed_33457,33457,66,3185,1.0153445202052596,5,,,,
seed_33457,33457,67,3200,1.0153445202052596,5,,,,
seed_33457,33457,68,3214,1.0153445202052596,5,,,,
seed_33457,33457,69,3228,1.0153445202052596,5,,,,
seed_33457,33457,70,3238,1.0153445202052596,5,,,,
seed_33457,33457,71,3251,1.0153445202052596,5,,,,
seed_33457,33457,72,3263,1.0153445202052596,5,,,,
seed_33457,33457,73,3278,1.0153445202052596,5,,,,
seed_33457,33457,74,3291,1.0153445202052596,5,,,,
seed_33457,33457,75,3307,1.0153445202052596,5,,,,
seed_33457,33457,76,3323,1.0153445202052596,5,,,,
seed_33457,33457,77,3331,1.0153445202052596,5,,,,
seed_33457,33457,78,3340,1.0153445202052596,5,,,,
seed_33457,33457,79,3346,1.0153445202052596,5,,,,
seed_33457,33457,80,3357,1.0153445202052596,5,,,,
seed_33457,33457,81,3369,1.0153445202052596,5,,,,
seed_33457,33457,82,3374,1.0153445202052596,5,,,,
seed_33457,33457,83,3384,1.0153445202052596,5,,,,
seed_33457,33457,84,3395,1.0153445202052596,5,,,,
seed_33457,33457,85,3405,1.0153445202052596,5,,,,
seed_33457,33457,86,3415,1.0153445202052596,5,,,,
seed_33457,33457,87,3424,1.0153445202052596,5,,,,
seed_33457,33457,88,3434,1.0153445202052596,5,,,,
seed_33457,33457,89,3442,1.0153445202052596,5,,,,
seed_33457,33457,90,3449,1.0153445202052596,5,,,,
seed_33457,33457,91,3456,1.0153445202052596,5,,,,
seed_33457,33457,92,3464,1.0153445202052596,5,,,,
seed_33457,33457,93,3473,1.0153445202052596,5,,,,
seed_33457,33457,94,3481,1.0153445202052596,5,,,,
seed_33457,33457,95,3486,1.0153445202052596,5,,,,
seed_33457,33457,96,3497,1.0153445202052596,5,,,,
seed_33457,33457,97,3503,1.0153445202052596,5,,,,
seed_33457,33457,98,3510,1.0153445202052596,5,,,,
seed_33457,33457,99,3515,1.0153445202052596,5,,,,
seed_33457,33457,100,3519,1.0153445202052596,5,,,,
seed_4242,4242,1,200,0.27149647750453404,1,,,,
seed_4242,4242,2,300,0.2724093622202357,2,,,,
seed_4242,4242,3,391,0.3841333398762093,3,,,,
seed_4242,4242,4,483,0.3841333398762093,3,,,,
seed_4242,4242,5,574,0.3841333398762093,3,,,,
seed_4242,4242,6,659,0.9940592142644089,3,,,,
seed_4242,4242,7,743,0.9940592142644089,3,,,,
seed_4242,4242,8,829,0.9974492054192423,4,,,,
seed_4242,4242,9,902,1.0048659622372673,5,,,,
seed_4242,4242,10,974,1.0048659622372673,5,,,,
seed_4242,4242,11,1051,1.0122572480256067,4,,,,
seed_4242,4242,12,1122,1.0122572480256067,4,,,,
seed_4242,4242,13,1198,1.0122572480256067,4,,,,
seed_4242,4242,14,1256,1.0122572480256067,4,,,,
seed_4242,4242,15,1317,1.0122572480256067,4,,,,
seed_4242,4242,16,1386,1.0153445202052596,5,,,,
seed_4242,4242,17,1445,1.0153445202052596,5,,,,
seed_4242,4242,18,1502,1.0153445202052596,5,,,,
seed_4242,4242,19,1554,1.0153445202052596,5,,,,
seed_4242,4242,20,1596,1.0153445202052596,5,,,,
seed_4242,4242,21,1641,1.0153445202052596,5,,,,
seed_4242,4242,22,1703,1.0153445202052596,5,,,,
seed_4242,4242,23,1757,1.0153445202052596,5,,,,
seed_4242,4242,24,1800,1.0153445202052596,5,,,,
seed_4242,4242,25,1849,1.0153445202052596,5,,,,
seed_4242,4242,26,1901,1.0153445202052596,5,,,,
seed_4242,4242,27,1939,1.0153445202052596,5,,,,
seed_4242,4242,28,1983,1.0153445202052596,5,,,,
seed_4242,4242,29,2019,1.0153445202052596,5,,,,
seed_4242,4242,30,2054,1.0153445202052596,5,,,,
seed_4242,4242,31,2086,1.0153445202052596,5,,,,
seed_4242,4242,32,2120,1.0153445202052596,5,,,,
seed_4242,4242,33,2152,1.0153445202052596,5,,,,
seed_4242,4242,34,2179,1.0153445202052596,5,,,,
seed_4242,4242,35,2213,1.0153445202052596,5,,,,
seed_4242,4242,36,2241,1.0153445202052596,5,,,,
seed_4242,4242,37,2267,1.0153445202052596,5,,,,
seed_4242,4242,38,2298,1.0153445202052596,5,,,,
seed_4242,4242,39,2326,1.0153445202052596,5,,,,
seed_4242,4242,40,2350,1.0153445202052596,5,,,,
seed_4242,4242,41,2377,1.0153445202052596,5,,,,
seed_4242,4242,42,2408,1.0153445202052596,5,,,,
seed_4242,4242,43,2435,1.0153445202052596,5,,,,
seed_4242,4242,44,2460,1.0153445202052596,5,,,,
seed_4242,4242,45,2483,1.0153445202052596,5,,,,
seed_4242,4242,46,2503,1.0153445202052596,5,,,,
seed_4242,4242,47,2528,1.0153445202052596,5,,,,
seed_4242,4242,48,2551,1.0153445202052596,5,,,,
seed_4242,4242,49,2570,1.0153445202052596,5,,,,
seed_4242,4242,50,2594,1.0153445202052596,5,,,,
seed_4242,4242,51,2612,1.0153445202052596,5,,,,
seed_4242,4242,52,2632,1.0153445202052596,5,,,,
seed_4242,4242,53,2651,1.0153445202052596,5,,,,
seed_4242,4242,54,2669,1.0153445202052596,5,,,,
seed_4242,4242,55,2688,1.0153445202052596,5,,,,
seed_4242,4242,56,2701,1.0153445202052596,5,,,,
seed_4242,4242,57,2721,1.0153445202052596,5,,,,
seed_4242,4242,58,2741,1.0153445202052596,5,,,,
seed_4242,4242,59,2755,1.0153445202052596,5,,,,
seed_4242,4242,60,2768,1.0153445202052596,5,,,,
seed_4242,4242,61,2783,1.0153445202052596,5,,,,
seed_4242,4242,62,2790,1.0153445202052596,5,,,,
seed_4242,4242,63,2805,1.0153445202052596,5,,,,
seed_4242,4242,64,2822,1.0153445202052596,5,,,,
seed_4242,4242,65,2831,1.0153445202052596,5,,,,
seed_4242,4242,66,2843,1.0153445202052596,5,,,,
seed_4242,4242,67,2854,1.0153445202052596,5,,,,
seed_4242,4242,68,2869,1.0153445202052596,5,,,,
seed_4242,4242,69,2876,1.0153445202052596,5,,,,
seed_4242,4242,70,2888,1.0153445202052596,5,,,,
seed_4242,4242,71,2904,1.0153445202052596,5,,,,
seed_4242,4242,72,2915,1.0153445202052596,5,,,,
seed_4242,4242,73,2931,1.0153445202052596,5,,,,
seed_4242,4242,74,2941,1.0153445202052596,5,,,,
seed_4242,4242,75,2951,1.0153445202052596,5,,,,
seed_4242,4242,76,2955,1.0153445202052596,5,,,,
seed_4242,4242,77,2963,1.0153445202052596,5,,,,
seed_4242,4242,78,2968,1.0153445202052596,5,,,,
seed_4242,4242,79,2977,1.0153445202052596,5,,,,
seed_4242,4242,80,2990,1.0153445202052596,5,,,,
seed_4242,4242,81,3002,1.0153445202052596,5,,,,
seed_4242,4242,82,3005,1.0153445202052596,5,,,,
seed_4242,4242,83,3014,1.0153445202052596,5,,,,
seed_4242,4242,84,3021,1.0153445202052596,5,,,,
seed_4242,4242,85,3025,1.0153445202052596,5,,,,
seed_4242,4242,86,3028,1.0153445202052596,5,,,,
seed_4242,4242,87,3036,1.0153445202052596,5,,,,
seed_4242,4242,88,3042,1.0153445202052596,5,,,,
seed_4242,4242,89,3048,1.0153445202052596,5,,,,
seed_4242,4242,90,3056,1.0153445202052596,5,,,,
seed_4242,4242,91,3063,1.0153445202052596,5,,,,
seed_4242,4242,92,3069,1.0153445202052596,5,,,,
seed_4242,4242,93,3078,1.0153445202052596,5,,,,
seed_4242,4242,94,3087,1.0153445202052596,5,,,,
seed_4242,4242,95,3097,1.0153445202052596,5,,,,
seed_4242,4242,96,3101,1.0153445202052596,5,,,,
seed_4242,4242,97,3110,1.0153445202052596,5,,,,
seed_4242,4242,98,3111,1.0153445202052596,5,,,,
seed_4242,4242,99,3117,1.0153445202052596,5,,,,
seed_4242,4242,100,3120,1.0153445202052596,5,,,,
seed_44568,44568,1,198,0.0,4,,,,
seed_44568,44568,2,296,0.0,4,,,,
seed_44568,44568,3,393,0.0,3,,,,
seed_44568,44568,4,487,0.0,5,,,,
seed_44568,44568,5,577,0.0,6,,,,
seed_44568,44568,6,669,0.21037027061042896,3,,,,
seed_44568,44568,7,763,0.21037027061042896,3,,,,
seed_44568,44568,8,854,0.21037027061042896,3,,,,
seed_44568,44568,9,936,0.21037027061042896,3,,,,
seed_44568,44568,10,1014,0.21098405399407022,3,,,,
seed_44568,44568,11,1097,0.21454430438530653,3,,,,
seed_44568,44568,12,1177,0.6900909221192866,2,,,,
seed_44568,44568,13,1250,0.799738265265679,3,,,,
seed_44568,44568,14,1325,0.799738265265679,3,,,,
seed_44568,44568,15,1399,0.799738265265679,3,,,,
seed_44568,44568,16,1472,0.799738265265679,3,,,,
seed_44568,44568,17,1550,0.8093371535014091,4,,,,
seed_44568,44568,18,1618,0.8093371535014091,4,,,,
seed_44568,44568,19,1683,1.0122572480256067,4,,,,
seed_44568,44568,20,1742,1.0122572480256067,4,,,,
seed_44568,44568,21,1801,1.0122572480256067,4,,,,
seed_44568,44568,22,1861,1.0122572480256067,4,,,,
seed_44568,44568,23,1918,1.0122572480256067,4,,,,
seed_44568,44568,24,1975,1.0122572480256067,4,,,,
seed_44568,44568,25,2033,1.0122572480256067,4,,,,
seed_44568,44568,26,2082,1.0122572480256067,4,,,,
seed_44568,44568,27,2135,1.0122572480256067,4,,,,
seed_44568,44568,28,2181,1.0122572480256067,4,,,,
seed_44568,44568,29,2228,1.0122572480256067,4,,,,
seed_44568,44568,30,2258,1.0122572480256067,4,,,,
seed_44568,44568,31,2300,1.0122572480256067,4,,,,
seed_44568,44568,32,2350,1.0122572480256067,4,,,,
seed_44568,44568,33,2395,1.0122572480256067,4,,,,
seed_44568,44568,34,2432,1.0122572480256067,4,,,,
seed_44568,44568,35,2472,1.0122572480256067,4,,,,
seed_44568,44568,36,2507,1.0122572480256067,4,,,,
seed_44568,44568,37,2540,1.0122572480256067,4,,,,
seed_44568,44568,38,2580,1.0122572480256067,4,,,,
seed_44568,44568,39,2612,1.0122572480256067,4,,,,
seed_44568,44568,40,2641,1.0122572480256067,4,,,,
seed_44568,44568,41,2671,1.0122572480256067,4,,,,
seed_44568,44568,42,2700,1.0122572480256067,4,,,,
seed_44568,44568,43,2729,1.0122572480256067,4,,,,
seed_44568,44568,44,2755,1.0153445202052596,5,,,,
seed_44568,44568,45,2778,1.0153445202052596,5,,,,
seed_44568,44568,46,2813,1.0153445202052596,5,,,,
seed_44568,44568,47,2839,1.0153445202052596,5,,,,
seed_44568,44568,48,2859,1.0153445202052596,5,,,,
seed_44568,44568,49,2885,1.0153445202052596,5,,,,
seed_44568,44568,50,2911,1.0153445202052596,5,,,,
seed_44568,44568,51,2937,1.0153445202052596,5,,,,
seed_44568,44568,52,2967,1.0153445202052596,5,,,,
seed_44568,44568,53,2993,1.0153445202052596,5,,,,
seed_44568,44568,54,3010,1.0153445202052596,5,,,,
seed_44568,44568,55,3026,1.0153445202052596,5,,,,
seed_44568,44568,56,3048,1.0153445202052596,5,,,,
seed_44568,44568,57,3064,1.0153445202052596,5,,,,
seed_44568,44568,58,3082,1.0153445202052596,5,,,,
seed_44568,44568,59,3098,1.0153445202052596,5,,,,
seed_44568,44568,60,3119,1.0153445202052596,5,,,,
seed_44568,44568,61,3133,1.0153445202052596,5,,,,
seed_44568,44568,62,3153,1.0153445202052596,5,,,,
seed_44568,44568,63,3171,1.0153445202052596,5,,,,
seed_44568,44568,64,3185,1.0153445202052596,5,,,,
seed_44568,44568,65,3203,1.0153445202052596,5,,,,
seed_44568,44568,66,3219,1.0153445202052596,5,,,,
seed_44568,44568,67,3228,1.0153445202052596,5,,,,
seed_44568,44568,68,3241,1.0153445202052596,5,,,,
seed_44568,44568,69,3259,1.0153445202052596,5,,,,
seed_44568,44568,70,3270,1.0153445202052596,5,,,,
seed_44568,44568,71,3277,1.0153445202052596,5,,,,
seed_44568,44568,72,3290,1.0153445202052596,5,,,,
seed_44568,44568,73,3302,1.0153445202052596,5,,,,
seed_44568,44568,74,3310,1.0153445202052596,5,,,,
seed_44568,44568,75,3318,1.0153445202052596,5,,,,
seed_44568,44568,76,3330,1.0153445202052596,5,,,,
seed_44568,44568,77,3343,1.0153445202052596,5,,,,
seed_44568,44568,78,3358,1.0153445202052596,5,,,,
seed_44568,44568,79,3365,1.0153445202052596,5,,,,
seed_44568,44568,80,3373,1.0153445202052596,5,,,,
seed_44568,44568,81,3375,1.0153445202052596,5,,,,
seed_44568,44568,82,3384,1.0153445202052596,5,,,,
seed_44568,44568,83,3389,1.0153445202052596,5,,,,
seed_44568,44568,84,3401,1.0153445202052596,5,,,,
seed_44568,44568,85,3408,1.0153445202052596,5,,,,
seed_44568,44568,86,3417,1.0153445202052596,5,,,,
seed_44568,44568,87,3426,1.0153445202052596,5,,,,
seed_44568,44568,88,3436,1.0153445202052596,5,,,,
seed_44568,44568,89,3440,1.0153445202052596,5,,,,
seed_44568,44568,90,3446,1.0153445202052596,5,,,,
seed_44568,44568,91,3451,1.0153445202052596,5,,,,
seed_44568,44568,92,3457,1.0153445202052596,5,,,,
seed_44568,44568,93,3468,1.0153445202052596,5,,,,
seed_44568,44568,94,3475,1.0153445202052596,5,,,,
seed_44568,44568,95,3478,1.0153445202052596,5,,,,
seed_44568,44568,96,3482,1.0153445202052596,5,,,,
seed_44568,44568,97,3486,1.0153445202052596,5,,,,
seed_44568,44568,98,3492,1.0153445202052596,5,,,,
seed_44568,44568,99,3497,1.0153445202052596,5,,,,
seed_44568,44568,100,3501,1.0153445202052596,5,,,,
seed_55679,55679,1,199,0.0,2,,,,
seed_55679,55679,2,293,0.0,3,,,,
seed_55679,55679,3,392,0.0,6,,,,
seed_55679,55679,4,488,0.6891780374035851,1,,,,
seed_55679,55679,5,580,0.6891780374035851,1,,,,
seed_55679,55679,6,670,0.6891780374035851,1,,,,
seed_55679,55679,7,760,0.6891780374035851,1,,,,
seed_55679,55679,8,844,0.6891780374035851,1,,,,
seed_55679,55679,9,934,0.7988253805499774,3,,,,
seed_55679,55679,10,1020,0.7988253805499774,3,,,,
seed_55679,55679,11,1097,0.7988253805499774,3,,,,
seed_55679,55679,12,1174,0.7988253805499774,3,,,,
seed_55679,55679,13,1249,0.7988253805499774,3,,,,
seed_55679,55679,14,1314,0.8084242687857076,4,,,,
seed_55679,55679,15,1387,0.8838978619666535,4,,,,
seed_55679,55679,16,1459,0.8905583303378315,5,,,,
seed_55679,55679,17,1518,0.8905583303378315,5,,,,
seed_55679,55679,18,1572,1.0153445202052596,5,,,,
seed_55679,55679,19,1627,1.0153445202052596,5,,,,
seed_55679,55679,20,1681,1.0153445202052596,5,,,,
seed_55679,55679,21,1735,1.0153445202052596,5,,,,
seed_55679,55679,22,1789,1.0153445202052596,5,,,,
seed_55679,55679,23,1836,1.0153445202052596,5,,,,
seed_55679,55679,24,1886,1.0153445202052596,5,,,,
seed_55679,55679,25,1932,1.0153445202052596,5,,,,
seed_55679,55679,26,1973,1.0153445202052596,5,,,,
seed_55679,55679,27,2013,1.0153445202052596,5,,,,
seed_55679,55679,28,2055,1.0153445202052596,5,,,,
seed_55679,55679,29,2095,1.0153445202052596,5,,,,
seed_55679,55679,30,2140,1.0153445202052596,5,,,,
seed_55679,55679,31,2175,1.0153445202052596,5,,,,
seed_55679,55679,32,2219,1.0153445202052596,5,,,,
seed_55679,55679,33,2266,1.0153445202052596,5,,,,
seed_55679,55679,34,2298,1.0153445202052596,5,,,,
seed_55679,55679,35,2334,1.0153445202052596,5,,,,
seed_55679,55679,36,2364,1.0153445202052596,5,,,,
seed_55679,55679,37,2398,1.0153445202052596,5,,,,
seed_55679,55679,38,2441,1.0153445202052596,5,,,,
seed_55679,55679,39,2470,1.0153445202052596,5,,,,
seed_55679,55679,40,2507,1.0153445202052596,5,,,,
seed_55679,55679,41,2537,1.0153445202052596,5,,,,
seed_55679,55679,42,2565,1.0153445202052596,5,,,,
seed_55679,55679,43,2588,1.0153445202052596,5,,,,
seed_55679,55679,44,2615,1.0153445202052596,5,,,,
seed_55679,55679,45,2643,1.0153445202052596,5,,,,
seed_55679,55679,46,2666,1.0153445202052596,5,,,,
seed_55679,55679,47,2687,1.0153445202052596,5,,,,
seed_55679,55679,48,2705,1.0153445202052596,5,,,,
seed_55679,55679,49,2729,1.0153445202052596,5,,,,
seed_55679,55679,50,2754,1.0153445202052596,5,,,,
seed_55679,55679,51,2772,1.0153445202052596,5,,,,
seed_55679,55679,52,2791,1.0153445202052596,5,,,,
seed_55679,55679,53,2811,1.0153445202052596,5,,,,
seed_55679,55679,54,2832,1.0153445202052596,5,,,,
seed_55679,55679,55,2854,1.0153445202052596,5,,,,
seed_55679,55679,56,2875,1.0153445202052596,5,,,,
seed_55679,55679,57,2898,1.0153445202052596,5,,,,
seed_55679,55679,58,2917,1.0153445202052596,5,,,,
seed_55679,55679,59,2931,1.0153445202052596,5,,,,
seed_55679,55679,60,2949,1.0153445202052596,5,,,,
seed_55679,55679,61,2960,1.0153445202052596,5,,,,
seed_55679,55679,62,2972,1.0153445202052596,5,,,,
seed_55679,55679,63,2990,1.0153445202052596,5,,,,
seed_55679,55679,64,3002,1.0153445202052596,5,,,,
seed_55679,55679,65,3013,1.0153445202052596,5,,,,
seed_55679,55679,66,3027,1.0153445202052596,5,,,,
seed_55679,55679,67,3039,1.0153445202052596,5,,,,
seed_55679,55679,68,3055,1.0153445202052596,5,,,,
seed_55679,55679,69,3066,1.0153445202052596,5,,,,
seed_55679,55679,70,3077,1.0153445202052596,5,,,,
seed_55679,55679,71,3091,1.0153445202052596,5,,,,
seed_55679,55679,72,3102,1.0153445202052596,5,,,,
seed_55679,55679,73,3113,1.0153445202052596,5,,,,
seed_55679,55679,74,3124,1.0153445202052596,5,,,,
seed_55679,55679,75,3130,1.0153445202052596,5,,,,
seed_55679,55679,76,3134,1.0153445202052596,5,,,,
seed_55679,55679,77,3146,1.0153445202052596,5,,,,
seed_55679,55679,78,3158,1.0153445202052596,5,,,,
seed_55679,55679,79,3169,1.0153445202052596,5,,,,
seed_55679,55679,80,3175,1.0153445202052596,5,,,,
seed_55679,55679,81,3185,1.0153445202052596,5,,,,
seed_55679,55679,82,3193,1.0153445202052596,5,,,,
seed_55679,55679,83,3205,1.0153445202052596,5,,,,
seed_55679,55679,84,3214,1.0153445202052596,5,,,,
seed_55679,55679,85,3224,1.0153445202052596,5,,,,
seed_55679,55679,86,3232,1.0153445202052596,5,,,,
seed_55679,55679,87,3243,1.0153445202052596,5,,,,
seed_55679,55679,88,3250,1.0153445202052596,5,,,,
seed_55679,55679,89,3259,1.0153445202052596,5,,,,
seed_55679,55679,90,3266,1.0153445202052596,5,,,,
seed_55679,55679,91,3275,1.0153445202052596,5,,,,
seed_55679,55679,92,3278,1.0153445202052596,5,,,,
seed_55679,55679,93,3285,1.0153445202052596,5,,,,
seed_55679,55679,94,3289,1.0153445202052596,5,,,,
seed_55679,55679,95,3298,1.0153445202052596,5,,,,
seed_55679,55679,96,3307,1.0153445202052596,5,,,,
seed_55679,55679,97,3310,1.0153445202052596,5,,,,
seed_55679,55679,98,3315,1.0153445202052596,5,,,,
seed_55679,55679,99,3326,1.0153445202052596,5,,,,
seed_55679,55679,100,3333,1.0153445202052596,5,,,,
seed_66780,66780,1,199,0.0,2,,,,
seed_66780,66780,2,294,0.0,4,,,,
seed_66780,66780,3,388,0.0,5,,,,
seed_66780,66780,4,482,0.2499526447590001,1,,,,
seed_66780,66780,5,569,0.2499526447590001,2,,,,
seed_66780,66780,6,653,0.2499526447590001,2,,,,
seed_66780,66780,7,741,0.2499526447590001,2,,,,
seed_66780,66780,8,825,0.2499526447590001,3,,,,
seed_66780,66780,9,908,0.2517784141904032,3,,,,
seed_66780,66780,10,994,0.3102705044452573,4,,,,
seed_66780,66780,11,1075,0.3102705044452573,4,,,,
seed_66780,66780,12,1156,0.6900909221192866,2,,,,
seed_66780,66780,13,1233,0.6900909221192866,2,,,,
seed_66780,66780,14,1305,0.6900909221192866,2,,,,
seed_66780,66780,15,1381,0.6900909221192866,2,,,,
seed_66780,66780,16,1448,0.8796832279818487,3,,,,
seed_66780,66780,17,1515,0.8796832279818487,3,,,,
seed_66780,66780,18,1594,0.8796832279818487,3,,,,
seed_66780,66780,19,1663,0.8796832279818487,3,,,,
seed_66780,66780,20,1725,0.8796832279818487,3,,,,
seed_66780,66780,21,1779,0.8796832279818487,3,,,,
seed_66780,66780,22,1834,0.8796832279818487,3,,,,
seed_66780,66780,23,1884,0.8796832279818487,3,,,,
seed_66780,66780,24,1930,1.0122572480256067,4,,,,
seed_66780,66780,25,1975,1.0122572480256067,4,,,,
seed_66780,66780,26,2025,1.0122572480256067,4,,,,
seed_66780,66780,27,2074,1.0122572480256067,4,,,,
seed_66780,66780,28,2114,1.0122572480256067,4,,,,
seed_66780,66780,29,2163,1.0122572480256067,4,,,,
seed_66780,66780,30,2206,1.0122572480256067,4,,,,
seed_66780,66780,31,2245,1.0122572480256067,4,,,,
seed_66780,66780,32,2286,1.0122572480256067,4,,,,
seed_66780,66780,33,2318,1.0122572480256067,4,,,,
seed_66780,66780,34,2349,1.0122572480256067,4,,,,
seed_66780,66780,35,2384,1.0122572480256067,4,,,,
seed_66780,66780,36,2419,1.0122572480256067,4,,,,
seed_66780,66780,37,2454,1.0153445202052596,5,,,,
seed_66780,66780,38,2483,1.0153445202052596,5,,,,
seed_66780,66780,39,2512,1.0153445202052596,5,,,,
seed_66780,66780,40,2541,1.0153445202052596,5,,,,
seed_66780,66780,41,2571,1.0153445202052596,5,,,,
seed_66780,66780,42,2600,1.0153445202052596,5,,,,
seed_66780,66780,43,2625,1.0153445202052596,5,,,,
seed_66780,66780,44,2659,1.0153445202052596,5,,,,
seed_66780,66780,45,2683,1.0153445202052596,5,,,,
seed_66780,66780,46,2711,1.0153445202052596,5,,,,
seed_66780,66780,47,2737,1.0153445202052596,5,,,,
seed_66780,66780,48,2753,1.0153445202052596,5,,,,
seed_66780,66780,49,2767,1.0153445202052596,5,,,,
seed_66780,66780,50,2793,1.0153445202052596,5,,,,
seed_66780,66780,51,2810,1.0153445202052596,5,,,,
seed_66780,66780,52,2833,1.0153445202052596,5,,,,
seed_66780,66780,53,2850,1.0153445202052596,5,,,,
seed_66780,66780,54,2874,1.0153445202052596,5,,,,
seed_66780,66780,55,2885,1.0153445202052596,5,,,,
seed_66780,66780,56,2906,1.0153445202052596,5,,,,
seed_66780,66780,57,2920,1.0153445202052596,5,,,,
seed_66780,66780,58,2929,1.0153445202052596,5,,,,
seed_66780,66780,59,2941,1.0153445202052596,5,,,,
seed_66780,66780,60,2954,1.0153445202052596,5,,,,
seed_66780,66780,61,2972,1.0153445202052596,5,,,,
seed_66780,66780,62,2987,1.0153445202052596,5,,,,
seed_66780,66780,63,3000,1.0153445202052596,5,,,,
seed_66780,66780,64,3019,1.0153445202052596,5,,,,
seed_66780,66780,65,3033,1.0153445202052596,5,,,,
seed_66780,66780,66,3046,1.0153445202052596,5,,,,
seed_66780,66780,67,3054,1.0153445202052596,5,,,,
seed_66780,66780,68,3067,1.0153445202052596,5,,,,
seed_66780,66780,69,3083,1.0153445202052596,5,,,,
seed_66780,66780,70,3092,1.0153445202052596,5,,,,
seed_66780,66780,71,3100,1.0153445202052596,5,,,,
seed_66780,66780,72,3111,1.0153445202052596,5,,,,
seed_66780,66780,73,3121,1.0153445202052596,5,,,,
seed_66780,66780,74,3134,1.0153445202052596,5,,,,
seed_66780,66780,75,3146,1.0153445202052596,5,,,,
seed_66780,66780,76,3161,1.0153445202052596,5,,,,
seed_66780,66780,77,3174,1.0153445202052596,5,,,,
seed_66780,66780,78,3180,1.0153445202052596,5,,,,
seed_66780,66780,79,3191,1.0153445202052596,5,,,,
seed_66780,66780,80,3201,1.0153445202052596,5,,,,
seed_66780,66780,81,3212,1.0153445202052596,5,,,,
seed_66780,66780,82,3225,1.0153445202052596,5,,,,
seed_66780,66780,83,3235,1.0153445202052596,5,,,,
seed_66780,66780,84,3242,1.0153445202052596,5,,,,
seed_66780,66780,85,3249,1.0153445202052596,5,,,,
seed_66780,66780,86,3263,1.0153445202052596,5,,,,
seed_66780,66780,87,3270,1.0153445202052596,5,,,,
seed_66780,66780,88,3276,1.0153445202052596,5,,,,
seed_66780,66780,89,3282,1.0153445202052596,5,,,,
seed_66780,66780,90,3291,1.0153445202052596,5,,,,
seed_66780,66780,91,3296,1.0153445202052596,5,,,,
seed_66780,66780,92,3305,1.0153445202052596,5,,,,
seed_66780,66780,93,3315,1.0153445202052596,5,,,,
seed_66780,66780,94,3322,1.0153445202052596,5,,,,
seed_66780,66780,95,3329,1.0153445202052596,5,,,,
seed_66780,66780,96,3336,1.0153445202052596,5,,,,
seed_66780,66780,97,3345,1.0153445202052596,5,,,,
seed_66780,66780,98,3350,1.0153445202052596,5,,,,
seed_66780,66780,99,3354,1.0153445202052596,5,,,,
seed_66780,66780,100,3360,1.0153445202052596,5,,,,
seed_77891,77891,1,200,0.0,3,,,,
seed_77891,77891,2,298,0.0,3,,,,
seed_77891,77891,3,389,0.0,3,,,,
seed_77891,77891,4,480,0.37361166105310956,3,,,,
seed_77891,77891,5,573,0.6891780374035851,1,,,,
seed_77891,77891,6,660,0.6891780374035851,1,,,,
seed_77891,77891,7,747,0.8787703432661472,2,,,,
seed_77891,77891,8,831,0.8787703432661472,2,,,,
seed_77891,77891,9,918,0.8787703432661472,2,,,,
seed_77891,77891,10,996,0.8787703432661472,3,,,,
seed_77891,77891,11,1068,0.8787703432661472,3,,,,
seed_77891,77891,12,1146,1.011344363309905,4,,,,
seed_77891,77891,13,1214,1.011344363309905,4,,,,
seed_77891,77891,14,1283,1.011344363309905,4,,,,
seed_77891,77891,15,1354,1.011344363309905,4,,,,
seed_77891,77891,16,1423,1.011344363309905,4,,,,
seed_77891,77891,17,1482,1.011344363309905,4,,,,
seed_77891,77891,18,1549,1.011344363309905,4,,,,
seed_77891,77891,19,1610,1.014431635489558,5,,,,
seed_77891,77891,20,1676,1.014431635489558,5,,,,
seed_77891,77891,21,1728,1.014431635489558,5,,,,
seed_77891,77891,22,1786,1.0153445202052596,5,,,,
seed_77891,77891,23,1841,1.0153445202052596,5,,,,
seed_77891,77891,24,1897,1.0153445202052596,5,,,,
seed_77891,77891,25,1951,1.0153445202052596,5,,,,
seed_77891,77891,26,1999,1.0153445202052596,5,,,,
seed_77891,77891,27,2054,1.0153445202052596,5,,,,
seed_77891,77891,28,2103,1.0153445202052596,5,,,,
seed_77891,77891,29,2142,1.0153445202052596,5,,,,
seed_77891,77891,30,2171,1.0153445202052596,5,,,,
seed_77891,77891,31,2208,1.0153445202052596,5,,,,
seed_77891,77891,32,2241,1.0153445202052596,5,,,,
seed_77891,77891,33,2279,1.0153445202052596,5,,,,
seed_77891,77891,34,2314,1.0153445202052596,5,,,,
seed_77891,77891,35,2352,1.0153445202052596,5,,,,
seed_77891,77891,36,2385,1.0153445202052596,5,,,,
seed_77891,77891,37,2418,1.0153445202052596,5,,,,
seed_77891,77891,38,2450,1.0153445202052596,5,,,,
seed_77891,77891,39,2475,1.0153445202052596,5,,,,
seed_77891,77891,40,2504,1.0153445202052596,5,,,,
seed_77891,77891,41,2532,1.0153445202052596,5,,,,
seed_77891,77891,42,2556,1.0153445202052596,5,,,,
seed_77891,77891,43,2587,1.0153445202052596,5,,,,
seed_77891,77891,44,2612,1.0153445202052596,5,,,,
seed_77891,77891,45,2636,1.0153445202052596,5,,,,
seed_77891,77891,46,2654,1.0153445202052596,5,,,,
seed_77891,77891,47,2678,1.0153445202052596,5,,,,
seed_77891,77891,48,2698,1.0153445202052596,5,,,,
seed_77891,77891,49,2715,1.0153445202052596,5,,,,
seed_77891,77891,50,2739,1.0153445202052596,5,,,,
seed_77891,77891,51,2760,1.0153445202052596,5,,,,
seed_77891,77891,52,2772,1.0153445202052596,5,,,,
seed_77891,77891,53,2788,1.0153445202052596,5,,,,
seed_77891,77891,54,2809,1.0153445202052596,5,,,,
seed_77891,77891,55,2820,1.0153445202052596,5,,,,
seed_77891,77891,56,2832,1.0153445202052596,5,,,,
seed_77891,77891,57,2847,1.0153445202052596,5,,,,
seed_77891,77891,58,2861,1.0153445202052596,5,,,,
seed_77891,77891,59,2875,1.0153445202052596,5,,,,
seed_77891,77891,60,2891,1.0153445202052596,5,,,,
seed_77891,77891,61,2901,1.0153445202052596,5,,,,
seed_77891,77891,62,2912,1.0153445202052596,5,,,,
seed_77891,77891,63,2931,1.0153445202052596,5,,,,
seed_77891,77891,64,2950,1.0153445202052596,5,,,,
seed_77891,77891,65,2965,1.0153445202052596,5,,,,
seed_77891,77891,66,2976,1.0153445202052596,5,,,,
seed_77891,77891,67,2989,1.0153445202052596,5,,,,
seed_77891,77891,68,3003,1.0153445202052596,5,,,,
seed_77891,77891,69,3017,1.0153445202052596,5,,,,
seed_77891,77891,70,3031,1.0153445202052596,5,,,,
seed_77891,77891,71,3040,1.0153445202052596,5,,,,
seed_77891,77891,72,3052,1.0153445202052596,5,,,,
seed_77891,77891,73,3065,1.0153445202052596,5,,,,
seed_77891,77891,74,3077,1.0153445202052596,5,,,,
seed_77891,77891,75,3083,1.0153445202052596,5,,,,
seed_77891,77891,76,3093,1.0153445202052596,5,,,,
seed_77891,77891,77,3107,1.0153445202052596,5,,,,
seed_77891,77891,78,3117,1.0153445202052596,5,,,,
seed_77891,77891,79,3125,1.0153445202052596,5,,,,
seed_77891,77891,80,3129,1.0153445202052596,5,,,,
seed_77891,77891,81,3137,1.0153445202052596,5,,,,
seed_77891,77891,82,3147,1.0153445202052596,5,,,,
seed_77891,77891,83,3153,1.0153445202052596,5,,,,
seed_77891,77891,84,3161,1.0153445202052596,5,,,,
seed_77891,77891,85,3168,1.0153445202052596,5,,,,
seed_77891,77891,86,3177,1.0153445202052596,5,,,,
seed_77891,77891,87,3183,1.0153445202052596,5,,,,
seed_77891,77891,88,3187,1.0153445202052596,5,,,,
seed_77891,77891,89,3194,1.0153445202052596,5,,,,
seed_77891,77891,90,3197,1.0153445202052596,5,,,,
seed_77891,77891,91,3203,1.0153445202052596,5,,,,
seed_77891,77891,92,3212,1.0153445202052596,5,,,,
seed_77891,77891,93,3221,1.0153445202052596,5,,,,
seed_77891,77891,94,3228,1.0153445202052596,5,,,,
seed_77891,77891,95,3234,1.0153445202052596,5,,,,
seed_77891,77891,96,3238,1.0153445202052596,5,,,,
seed_77891,77891,97,3242,1.0153445202052596,5,,,,
seed_77891,77891,98,3248,1.0153445202052596,5,,,,
seed_77891,77891,99,3256,1.0153445202052596,5,,,,
seed_77891,77891,100,3261,1.0153445202052596,5,,,,
seed_8675,8675,1,200,0.0,4,,,,
seed_8675,8675,2,300,0.0,3,,,,
seed_8675,8675,3,390,0.0,4,,,,
seed_8675,8675,4,482,0.0,5,,,,
seed_8675,8675,5,569,0.5268867716790525,1,,,,
seed_8675,8675,6,664,0.5268867716790525,1,,,,
seed_8675,8675,7,748,0.5268867716790525,1,,,,
seed_8675,8675,8,829,0.5268867716790525,1,,,,
seed_8675,8675,9,909,0.5268867716790525,1,,,,
seed_8675,8675,10,987,0.6940861250506731,3,,,,
seed_8675,8675,11,1062,0.8707448776789533,3,,,,
seed_8675,8675,12,1146,0.8787703432661472,2,,,,
seed_8675,8675,13,1216,0.8796832279818487,3,,,,
seed_8675,8675,14,1284,0.8838978619666535,4,,,,
seed_8675,8675,15,1355,0.8838978619666535,4,,,,
seed_8675,8675,16,1418,0.8838978619666535,4,,,,
seed_8675,8675,17,1473,1.0122572480256067,4,,,,
seed_8675,8675,18,1536,1.0122572480256067,4,,,,
seed_8675,8675,19,1595,1.0122572480256067,4,,,,
seed_8675,8675,20,1653,1.0122572480256067,4,,,,
seed_8675,8675,21,1711,1.0122572480256067,4,,,,
seed_8675,8675,22,1767,1.0122572480256067,4,,,,
seed_8675,8675,23,1819,1.0153445202052596,5,,,,
seed_8675,8675,24,1870,1.0153445202052596,5,,,,
seed_8675,8675,25,1921,1.0153445202052596,5,,,,
seed_8675,8675,26,1972,1.0153445202052596,5,,,,
seed_8675,8675,27,2023,1.0153445202052596,5,,,,
seed_8675,8675,28,2071,1.0153445202052596,5,,,,
seed_8675,8675,29,2112,1.0153445202052596,5,,,,
seed_8675,8675,30,2166,1.0153445202052596,5,,,,
seed_8675,8675,31,2210,1.0153445202052596,5,,,,
seed_8675,8675,32,2252,1.0153445202052596,5,,,,
seed_8675,8675,33,2291,1.0153445202052596,5,,,,
seed_8675,8675,34,2328,1.0153445202052596,5,,,,
seed_8675,8675,35,2366,1.0153445202052596,5,,,,
seed_8675,8675,36,2400,1.0153445202052596,5,,,,
seed_8675,8675,37,2431,1.0153445202052596,5,,,,
seed_8675,8675,38,2466,1.0153445202052596,5,,,,
seed_8675,8675,39,2498,1.0153445202052596,5,,,,
seed_8675,8675,40,2524,1.0153445202052596,5,,,,
seed_8675,8675,41,2558,1.0153445202052596,5,,,,
seed_8675,8675,42,2585,1.0153445202052596,5,,,,
seed_8675,8675,43,2609,1.0153445202052596,5,,,,
seed_8675,8675,44,2636,1.0153445202052596,5,,,,
seed_8675,8675,45,2661,1.0153445202052596,5,,,,
seed_8675,8675,46,2682,1.0153445202052596,5,,,,
seed_8675,8675,47,2708,1.0153445202052596,5,,,,
seed_8675,8675,48,2727,1.0153445202052596,5,,,,
seed_8675,8675,49,2740,1.0153445202052596,5,,,,
seed_8675,8675,50,2760,1.0153445202052596,5,,,,
seed_8675,8675,51,2780,1.0153445202052596,5,,,,
seed_8675,8675,52,2794,1.0153445202052596,5,,,,
seed_8675,8675,53,2817,1.0153445202052596,5,,,,
seed_8675,8675,54,2839,1.0153445202052596,5,,,,
seed_8675,8675,55,2858,1.0153445202052596,5,,,,
seed_8675,8675,56,2874,1.0153445202052596,5,,,,
seed_8675,8675,57,2893,1.0153445202052596,5,,,,
seed_8675,8675,58,2906,1.0153445202052596,5,,,,
seed_8675,8675,59,2928,1.0153445202052596,5,,,,
seed_8675,8675,60,2947,1.0153445202052596,5,,,,
seed_8675,8675,61,2963,1.0153445202052596,5,,,,
seed_8675,8675,62,2974,1.0153445202052596,5,,,,
seed_8675,8675,63,2990,1.0153445202052596,5,,,,
seed_8675,8675,64,3008,1.0153445202052596,5,,,,
seed_8675,8675,65,3017,1.0153445202052596,5,,,,
seed_8675,8675,66,3032,1.0153445202052596,5,,,,
seed_8675,8675,67,3041,1.0153445202052596,5,,,,
seed_8675,8675,68,3052,1.0153445202052596,5,,,,
seed_8675,8675,69,3059,1.0153445202052596,5,,,,
seed_8675,8675,70,3068,1.0153445202052596,5,,,,
seed_8675,8675,71,3080,1.0153445202052596,5,,,,
seed_8675,8675,72,3088,1.0153445202052596,5,,,,
seed_8675,8675,73,3093,1.0153445202052596,5,,,,
seed_8675,8675,74,3104,1.0153445202052596,5,,,,
seed_8675,8675,75,3113,1.0153445202052596,5,,,,
seed_8675,8675,76,3124,1.0153445202052596,5,,,,
seed_8675,8675,77,3138,1.0153445202052596,5,,,,
seed_8675,8675,78,3149,1.0153445202052596,5,,,,
seed_8675,8675,79,3157,1.0153445202052596,5,,,,
seed_8675,8675,80,3163,1.0153445202052596,5,,,,
seed_8675,8675,81,3170,1.0153445202052596,5,,,,
seed_8675,8675,82,3179,1.0153445202052596,5,,,,
seed_8675,8675,83,3184,1.0153445202052596,5,,,,
seed_8675,8675,84,3192,1.0153445202052596,5,,,,
seed_8675,8675,85,3199,1.0153445202052596,5,,,,
seed_8675,8675,86,3211,1.0153445202052596,5,,,,
seed_8675,8675,87,3220,1.0153445202052596,5,,,,
seed_8675,8675,88,3224,1.0153445202052596,5,,,,
seed_8675,8675,89,3231,1.0153445202052596,5,,,,
seed_8675,8675,90,3239,1.0153445202052596,5,,,,
seed_8675,8675,91,3247,1.0153445202052596,5,,,,
seed_8675,8675,92,3254,1.0153445202052596,5,,,,
seed_8675,8675,93,3264,1.0153445202052596,5,,,,
seed_8675,8675,94,3274,1.0153445202052596,5,,,,
seed_8675,8675,95,3278,1.0153445202052596,5,,,,
seed_8675,8675,96,3288,1.0153445202052596,5,,,,
seed_8675,8675,97,3291,1.0153445202052596,5,,,,
seed_8675,8675,98,3297,1.0153445202052596,5,,,,
seed_8675,8675,99,3299,1.0153445202052596,5,,,,
seed_8675,8675,100,3307,1.0153445202052596,5,,,,
seed_88902,88902,1,200,0.0,3,,,,
seed_88902,88902,2,294,0.0,5,,,,
seed_88902,88902,3,390,0.0,5,,,,
seed_88902,88902,4,479,0.0,6,,,,
seed_88902,88902,5,569,0.0,8,,,,
seed_88902,88902,6,655,0.0,7,,,,
seed_88902,88902,7,743,0.000710390857909545,9,,,,
seed_88902,88902,8,836,0.010373317233811259,5,,,,
seed_88902,88902,9,927,0.6901353656573812,3,,,,
seed_88902,88902,10,1013,0.6901353656573812,3,,,,
seed_88902,88902,11,1095,0.6901353656573812,4,,,,
seed_88902,88902,12,1167,0.6910482503730828,3,,,,
seed_88902,88902,13,1245,0.8796832279818487,3,,,,
seed_88902,88902,14,1318,0.8796832279818487,3,,,,
seed_88902,88902,15,1389,0.8796832279818487,3,,,,
seed_88902,88902,16,1453,0.8796832279818487,3,,,,
seed_88902,88902,17,1529,0.8796832279818487,3,,,,
seed_88902,88902,18,1605,0.8838978619666535,4,,,,
seed_88902,88902,19,1670,0.8838978619666535,4,,,,
seed_88902,88902,20,1731,0.8838978619666535,4,,,,
seed_88902,88902,21,1793,0.8838978619666535,4,,,,
seed_88902,88902,22,1852,0.8838978619666535,4,,,,
seed_88902,88902,23,1906,0.8838978619666535,4,,,,
seed_88902,88902,24,1962,0.8838978619666535,4,,,,
seed_88902,88902,25,2024,1.0122572480256067,4,,,,
seed_88902,88902,26,2073,1.0122572480256067,4,,,,
seed_88902,88902,27,2114,1.0122572480256067,4,,,,
seed_88902,88902,28,2159,1.0122572480256067,4,,,,
seed_88902,88902,29,2211,1.0122572480256067,4,,,,
seed_88902,88902,30,2256,1.0122572480256067,4,,,,
seed_88902,88902,31,2302,1.0122572480256067,4,,,,
seed_88902,88902,32,2346,1.0122572480256067,4,,,,
seed_88902,88902,33,2388,1.0122572480256067,4,,,,
seed_88902,88902,34,2417,1.0122572480256067,4,,,,
seed_88902,88902,35,2450,1.0153445202052596,5,,,,
seed_88902,88902,36,2483,1.0153445202052596,5,,,,
seed_88902,88902,37,2518,1.0153445202052596,5,,,,
seed_88902,88902,38,2550,1.0153445202052596,5,,,,
seed_88902,88902,39,2579,1.0153445202052596,5,,,,
seed_88902,88902,40,2616,1.0153445202052596,5,,,,
seed_88902,88902,41,2646,1.0153445202052596,5,,,,
seed_88902,88902,42,2683,1.0153445202052596,5,,,,
seed_88902,88902,43,2706,1.0153445202052596,5,,,,
seed_88902,88902,44,2733,1.0153445202052596,5,,,,
seed_88902,88902,45,2755,1.0153445202052596,5,,,,
seed_88902,88902,46,2779,1.0153445202052596,5,,,,
seed_88902,88902,47,2798,1.0153445202052596,5,,,,
seed_88902,88902,48,2826,1.0153445202052596,5,,,,
seed_88902,88902,49,2850,1.0153445202052596,5,,,,
seed_88902,88902,50,2875,1.0153445202052596,5,,,,
seed_88902,88902,51,2896,1.0153445202052596,5,,,,
seed_88902,88902,52,2910,1.0153445202052596,5,,,,
seed_88902,88902,53,2938,1.0153445202052596,5,,,,
seed_88902,88902,54,2959,1.0153445202052596,5,,,,
seed_88902,88902,55,2976,1.0153445202052596,5,,,,
seed_88902,88902,56,2992,1.0153445202052596,5,,,,
seed_88902,88902,57,3013,1.0153445202052596,5,,,,
seed_88902,88902,58,3030,1.0153445202052596,5,,,,
seed_88902,88902,59,3039,1.0153445202052596,5,,,,
seed_88902,88902,60,3055,1.0153445202052596,5,,,,
seed_88902,88902,61,3066,1.0153445202052596,5,,,,
seed_88902,88902,62,3082,1.0153445202052596,5,,,,
seed_88902,88902,63,3098,1.0153445202052596,5,,,,
seed_88902,88902,64,3112,1.0153445202052596,5,,,,
seed_88902,88902,65,3119,1.0153445202052596,5,,,,
seed_88902,88902,66,3131,1.0153445202052596,5,,,,
seed_88902,88902,67,3143,1.0153445202052596,5,,,,
seed_88902,88902,68,3155,1.0153445202052596,5,,,,
seed_88902,88902,69,3172,1.0153445202052596,5,,,,
seed_88902,88902,70,3185,1.0153445202052596,5,,,,
seed_88902,88902,71,3200,1.0153445202052596,5,,,,
seed_88902,88902,72,3210,1.0153445202052596,5,,,,
seed_88902,88902,73,3217,1.0153445202052596,5,,,,
seed_88902,88902,74,3235,1.0153445202052596,5,,,,
seed_88902,88902,75,3247,1.0153445202052596,5,,,,
seed_88902,88902,76,3261,1.0153445202052596,5,,,,
seed_88902,88902,77,3271,1.0153445202052596,5,,,,
seed_88902,88902,78,3284,1.0153445202052596,5,,,,
seed_88902,88902,79,3290,1.0153445202052596,5,,,,
seed_88902,88902,80,3292,1.0153445202052596,5,,,,
seed_88902,88902,81,3298,1.0153445202052596,5,,,,
seed_88902,88902,82,3310,1.0153445202052596,5,,,,
seed_88902,88902,83,3319,1.0153445202052596,5,,,,
seed_88902,88902,84,3330,1.0153445202052596,5,,,,
seed_88902,88902,85,3342,1.0153445202052596,5,,,,
seed_88902,88902,86,3348,1.0153445202052596,5,,,,
seed_88902,88902,87,3356,1.0153445202052596,5,,,,
seed_88902,88902,88,3363,1.0153445202052596,5,,,,
seed_88902,88902,89,3368,1.0153445202052596,5,,,,
seed_88902,88902,90,3377,1.0153445202052596,5,,,,
seed_88902,88902,91,3387,1.0153445202052596,5,,,,
seed_88902,88902,92,3400,1.0153445202052596,5,,,,
seed_88902,88902,93,3405,1.0153445202052596,5,,,,
seed_88902,88902,94,3416,1.0153445202052596,5,,,,
seed_88902,88902,95,3427,1.0153445202052596,5,,,,
seed_88902,88902,96,3435,1.0153445202052596,5,,,,
seed_88902,88902,97,3442,1.0153445202052596,5,,,,
seed_88902,88902,98,3450,1.0153445202052596,5,,,,
seed_88902,88902,99,3457,1.0153445202052596,5,,,,
seed_88902,88902,100,3462,1.0153445202052596,5,,,,
seed_99013,99013,1,200,0.17396820974749796,3,,,,
seed_99013,99013,2,297,0.17396820974749796,4,,,,
seed_99013,99013,3,395,0.17396820974749796,4,,,,
seed_99013,99013,4,487,0.17396820974749796,3,,,,
seed_99013,99013,5,575,0.18562630674842134,5,,,,
seed_99013,99013,6,661,0.2214815993159526,4,,,,
seed_99013,99013,7,745,0.22535304327211741,4,,,,
seed_99013,99013,8,833,0.22535304327211741,4,,,,
seed_99013,99013,9,909,0.2263925636319329,5,,,,
seed_99013,99013,10,991,0.23018206715460995,6,,,,
seed_99013,99013,11,1069,0.6901353656573812,3,,,,
seed_99013,99013,12,1136,0.8787703432661472,3,,,,
seed_99013,99013,13,1214,0.8787703432661472,3,,,,
seed_99013,99013,14,1293,0.8787703432661472,3,,,,
seed_99013,99013,15,1362,0.8787703432661472,3,,,,
seed_99013,99013,16,1429,1.011344363309905,4,,,,
seed_99013,99013,17,1485,1.014431635489558,5,,,,
seed_99013,99013,18,1546,1.014431635489558,6,,,,
seed_99013,99013,19,1610,1.014431635489558,5,,,,
seed_99013,99013,20,1666,1.0153445202052596,5,,,,
seed_99013,99013,21,1715,1.0153445202052596,5,,,,
seed_99013,99013,22,1765,1.0153445202052596,5,,,,
seed_99013,99013,23,1819,1.0153445202052596,5,,,,
seed_99013,99013,24,1875,1.0153445202052596,5,,,,
seed_99013,99013,25,1933,1.0153445202052596,5,,,,
seed_99013,99013,26,1982,1.0153445202052596,5,,,,
seed_99013,99013,27,2025,1.0153445202052596,5,,,,
seed_99013,99013,28,2067,1.0153445202052596,5,,,,
seed_99013,99013,29,2101,1.0153445202052596,5,,,,
seed_99013,99013,30,2143,1.0153445202052596,5,,,,
seed_99013,99013,31,2184,1.0153445202052596,5,,,,
seed_99013,99013,32,2224,1.0153445202052596,5,,,,
seed_99013,99013,33,2254,1.0153445202052596,5,,,,
seed_99013,99013,34,2296,1.0153445202052596,5,,,,
seed_99013,99013,35,2329,1.0153445202052596,5,,,,
seed_99013,99013,36,2361,1.0153445202052596,5,,,,
seed_99013,99013,37,2395,1.0153445202052596,5,,,,
seed_99013,99013,38,2431,1.0153445202052596,5,,,,
seed_99013,99013,39,2460,1.0153445202052596,5,,,,
seed_99013,99013,40,2490,1.0153445202052596,5,,,,
seed_99013,99013,41,2516,1.0153445202052596,5,,,,
seed_99013,99013,42,2546,1.0153445202052596,5,,,,
seed_99013,99013,43,2569,1.0153445202052596,5,,,,
seed_99013,99013,44,2591,1.0153445202052596,5,,,,
seed_99013,99013,45,2612,1.0153445202052596,5,,,,
seed_99013,99013,46,2637,1.0153445202052596,5,,,,
seed_99013,99013,47,2657,1.0153445202052596,5,,,,
seed_99013,99013,48,2681,1.0153445202052596,5,,,,
seed_99013,99013,49,2703,1.0153445202052596,5,,,,
seed_99013,99013,50,2720,1.0153445202052596,5,,,,
seed_99013,99013,51,2734,1.0153445202052596,5,,,,
seed_99013,99013,52,2757,1.0153445202052596,5,,,,
seed_99013,99013,53,2772,1.0153445202052596,5,,,,
seed_99013,99013,54,2788,1.0153445202052596,5,,,,
seed_99013,99013,55,2806,1.0153445202052596,5,,,,
seed_99013,99013,56,2821,1.0153445202052596,5,,,,
seed_99013,99013,57,2840,1.0153445202052596,5,,,,
seed_99013,99013,58,2854,1.0153445202052596,5,,,,
seed_99013,99013,59,2864,1.0153445202052596,5,,,,
seed_99013,99013,60,2885,1.0153445202052596,5,,,,
seed_99013,99013,61,2900,1.0153445202052596,5,,,,
seed_99013,99013,62,2912,1.0153445202052596,5,,,,
seed_99013,99013,63,2922,1.0153445202052596,5,,,,
seed_99013,99013,64,2933,1.0153445202052596,5,,,,
seed_99013,99013,65,2952,1.0153445202052596,5,,,,
seed_99013,99013,66,2962,1.0153445202052596,5,,,,
seed_99013,99013,67,2978,1.0153445202052596,5,,,,
seed_99013,99013,68,2992,1.0153445202052596,5,,,,
seed_99013,99013,69,3005,1.0153445202052596,5,,,,
seed_99013,99013,70,3013,1.0153445202052596,5,,,,
seed_99013,99013,71,3024,1.0153445202052596,5,,,,
seed_99013,99013,72,3032,1.0153445202052596,5,,,,
seed_99013,99013,73,3042,1.0153445202052596,5,,,,
seed_99013,99013,74,3055,1.0153445202052596,5,,,,
seed_99013,99013,75,3066,1.0153445202052596,5,,,,
seed_99013,99013,76,3077,1.0153445202052596,5,,,,
seed_99013,99013,77,3086,1.0153445202052596,5,,,,
seed_99013,99013,78,3101,1.0153445202052596,5,,,,
seed_99013,99013,79,3108,1.0153445202052596,5,,,,
seed_99013,99013,80,3116,1.0153445202052596,5,,,,
seed_99013,99013,81,3130,1.0153445202052596,5,,,,
seed_99013,99013,82,3137,1.0153445202052596,5,,,,
seed_99013,99013,83,3144,1.0153445202052596,5,,,,
seed_99013,99013,84,3158,1.0153445202052596,5,,,,
seed_99013,99013,85,3168,1.0153445202052596,5,,,,
seed_99013,99013,86,3172,1.0153445202052596,5,,,,
seed_99013,99013,87,3178,1.0153445202052596,5,,,,
seed_99013,99013,88,3185,1.0153445202052596,5,,,,
seed_99013,99013,89,3193,1.0153445202052596,5,,,,
seed_99013,99013,90,3203,1.0153445202052596,5,,,,
seed_99013,99013,91,3210,1.0153445202052596,5,,,,
seed_99013,99013,92,3216,1.0153445202052596,5,,,,
seed_99013,99013,93,3224,1.0153445202052596,5,,,,
seed_99013,99013,94,3232,1.0153445202052596,5,,,,
seed_99013,99013,95,3237,1.0153445202052596,5,,,,
seed_99013,99013,96,3245,1.0153445202052596,5,,,,
seed_99013,99013,97,3252,1.0153445202052596,5,,,,
seed_99013,99013,98,3258,1.0153445202052596,5,,,,
seed_99013,99013,99,3263,1.0153445202052596,5,,,,
seed_99013,99013,100,3271,1.0153445202052596,5,,,,
ALL,ALL,LOCFE,198,0.0,NOT_AVAILABLE,0.0,0.0,1.0,False
ALL,ALL,LOCFE,199,0.0,NOT_AVAILABLE,0.0,0.0,4.0,False
ALL,ALL,LOCFE,200,0.0,NOT_AVAILABLE,0.0,0.0,20.0,True
ALL,ALL,LOCFE,293,0.0,NOT_AVAILABLE,0.0,0.0,20.0,True
ALL,ALL,LOCFE,294,0.0,NOT_AVAILABLE,0.0,0.0,20.0,True
ALL,ALL,LOCFE,295,0.0,NOT_AVAILABLE,0.0,0.0,20.0,True
ALL,ALL,LOCFE,296,0.0,NOT_AVAILABLE,0.0,0.0,20.0,True
ALL,ALL,LOCFE,297,0.0,NOT_AVAILABLE,0.0,0.0,20.0,True
ALL,ALL,LOCFE,298,0.0,NOT_AVAILABLE,0.0,0.0,20.0,True
ALL,ALL,LOCFE,299,0.0,NOT_AVAILABLE,0.0,0.0,20.0,True
ALL,ALL,LOCFE,300,0.0,NOT_AVAILABLE,0.0,0.0,20.0,True
ALL,ALL,LOCFE,387,0.0,NOT_AVAILABLE,0.0,0.0,20.0,True
ALL,ALL,LOCFE,388,0.0,NOT_AVAILABLE,0.0,0.0,20.0,True
ALL,ALL,LOCFE,389,0.0,NOT_AVAILABLE,0.0,0.0,20.0,True
ALL,ALL,LOCFE,390,0.0,NOT_AVAILABLE,0.0,0.0,20.0,True
ALL,ALL,LOCFE,391,0.0,NOT_AVAILABLE,0.0,0.0,20.0,True
ALL,ALL,LOCFE,392,0.0,NOT_AVAILABLE,0.0,0.0,20.0,True
ALL,ALL,LOCFE,393,0.0,NOT_AVAILABLE,0.0,0.015882741069042073,20.0,True
ALL,ALL,LOCFE,394,0.0,NOT_AVAILABLE,0.0,0.08379647736725908,20.0,True
ALL,ALL,LOCFE,395,0.0,NOT_AVAILABLE,0.0,0.15193681491727307,20.0,True
ALL,ALL,LOCFE,396,0.0,NOT_AVAILABLE,0.0,0.15193681491727307,20.0,True
ALL,ALL,LOCFE,397,0.0,NOT_AVAILABLE,0.0,0.15193681491727307,20.0,True
ALL,ALL,LOCFE,478,0.0,NOT_AVAILABLE,0.0,0.15193681491727307,20.0,True
ALL,ALL,LOCFE,479,0.0,NOT_AVAILABLE,0.0,0.15193681491727307,20.0,True
ALL,ALL,LOCFE,480,0.005436000497881334,NOT_AVAILABLE,0.0,0.17396820974749796,20.0,True
ALL,ALL,LOCFE,482,0.015447271399604171,NOT_AVAILABLE,0.0,0.1929643185003735,20.0,True
ALL,ALL,LOCFE,483,0.015447271399604171,NOT_AVAILABLE,0.0,0.1929643185003735,20.0,True
ALL,ALL,LOCFE,485,0.015447271399604171,NOT_AVAILABLE,0.0,0.1929643185003735,20.0,True
ALL,ALL,LOCFE,486,0.015447271399604171,NOT_AVAILABLE,0.0,0.1929643185003735,20.0,True
ALL,ALL,LOCFE,487,0.015447271399604171,NOT_AVAILABLE,0.0,0.1929643185003735,20.0,True
ALL,ALL,LOCFE,488,0.041776753039806984,NOT_AVAILABLE,0.0,0.2808673988325274,20.0,True
ALL,ALL,LOCFE,489,0.041776753039806984,NOT_AVAILABLE,0.0,0.2808673988325274,20.0,True
ALL,ALL,LOCFE,490,0.04329095956894918,NOT_AVAILABLE,0.0,0.2808673988325274,20.0,True
ALL,ALL,LOCFE,492,0.10557619698749206,NOT_AVAILABLE,0.0,0.3762420807588845,20.0,True
ALL,ALL,LOCFE,567,0.10557619698749206,NOT_AVAILABLE,0.0,0.3762420807588845,20.0,True
ALL,ALL,LOCFE,569,0.1592806131940147,NOT_AVAILABLE,0.0,0.4198216978269201,20.0,True
ALL,ALL,LOCFE,573,0.1592806131940147,NOT_AVAILABLE,0.0,0.5674595881101856,20.0,True
ALL,ALL,LOCFE,574,0.2010140425522311,NOT_AVAILABLE,0.0,0.6891780374035851,20.0,True
ALL,ALL,LOCFE,575,0.20684309105269277,NOT_AVAILABLE,0.0,0.6891780374035851,20.0,True
ALL,ALL,LOCFE,576,0.20684309105269277,NOT_AVAILABLE,0.0,0.6891780374035851,20.0,True
ALL,ALL,LOCFE,577,0.20684309105269277,NOT_AVAILABLE,0.0,0.6891780374035851,20.0,True
ALL,ALL,LOCFE,579,0.20684309105269277,NOT_AVAILABLE,0.0,0.6891780374035851,20.0,True
ALL,ALL,LOCFE,580,0.20684309105269277,NOT_AVAILABLE,0.0,0.6891780374035851,20.0,True
ALL,ALL,LOCFE,581,0.20684309105269277,NOT_AVAILABLE,0.0,0.6891780374035851,20.0,True
ALL,ALL,LOCFE,582,0.23900626005798215,NOT_AVAILABLE,0.04991953300083952,0.6891780374035851,20.0,True
ALL,ALL,LOCFE,583,0.23900626005798215,NOT_AVAILABLE,0.04991953300083952,0.6891780374035851,20.0,True
ALL,ALL,LOCFE,653,0.23900626005798215,NOT_AVAILABLE,0.04991953300083952,0.6891780374035851,20.0,True
ALL,ALL,LOCFE,655,0.23900626005798215,NOT_AVAILABLE,0.04991953300083952,0.6891780374035851,20.0,True
ALL,ALL,LOCFE,659,0.23900626005798215,NOT_AVAILABLE,0.053803600698819565,0.6891780374035851,20.0,True
ALL,ALL,LOCFE,660,0.23900626005798215,NOT_AVAILABLE,0.053803600698819565,0.6891780374035851,20.0,True
ALL,ALL,LOCFE,661,0.23900626005798215,NOT_AVAILABLE,0.053803600698819565,0.6891780374035851,20.0,True
ALL,ALL,LOCFE,663,0.23900626005798215,NOT_AVAILABLE,0.053803600698819565,0.6891780374035851,20.0,True
ALL,ALL,LOCFE,664,0.23900626005798215,NOT_AVAILABLE,0.053803600698819565,0.6891780374035851,20.0,True
ALL,ALL,LOCFE,666,0.23900626005798215,NOT_AVAILABLE,0.053803600698819565,0.6891780374035851,20.0,True
ALL,ALL,LOCFE,667,0.25402065570471255,NOT_AVAILABLE,0.07286952456358875,0.6891780374035851,20.0,True
ALL,ALL,LOCFE,668,0.25402065570471255,NOT_AVAILABLE,0.0734072384837394,0.6891780374035851,20.0,True
ALL,ALL,LOCFE,669,0.25402065570471255,NOT_AVAILABLE,0.12718798922372376,0.6891780374035851,20.0,True
ALL,ALL,LOCFE,670,0.258088666650425,NOT_AVAILABLE,0.19392595711795457,0.6891780374035851,20.0,True
ALL,ALL,LOCFE,672,0.3158501638517673,NOT_AVAILABLE,0.19392595711795457,0.6891780374035851,20.0,True
ALL,ALL,LOCFE,676,0.3158501638517673,NOT_AVAILABLE,0.19392595711795457,0.6891780374035851,20.0,True
ALL,ALL,LOCFE,741,0.3158501638517673,NOT_AVAILABLE,0.19392595711795457,0.6891780374035851,20.0,True
ALL,ALL,LOCFE,743,0.3158501638517673,NOT_AVAILABLE,0.19392595711795457,0.6891780374035851,20.0,True
ALL,ALL,LOCFE,744,0.3158501638517673,NOT_AVAILABLE,0.19392595711795457,0.6894062585825105,20.0,True
ALL,ALL,LOCFE,745,0.3158501638517673,NOT_AVAILABLE,0.19392595711795457,0.6894062585825105,20.0,True
ALL,ALL,LOCFE,747,0.3158501638517673,NOT_AVAILABLE,0.19392595711795457,0.7142256160164497,20.0,True
ALL,ALL,LOCFE,748,0.3158501638517673,NOT_AVAILABLE,0.19392595711795457,0.7142256160164497,20.0,True
ALL,ALL,LOCFE,753,0.3158501638517673,NOT_AVAILABLE,0.1995629926773629,0.7142256160164497,20.0,True
ALL,ALL,LOCFE,755,0.3158501638517673,NOT_AVAILABLE,0.1995629926773629,0.7142256160164497,20.0,True
ALL,ALL,LOCFE,759,0.3158501638517673,NOT_AVAILABLE,0.1995629926773629,0.7142256160164497,20.0,True
ALL,ALL,LOCFE,760,0.3158501638517673,NOT_AVAILABLE,0.1995629926773629,0.7142256160164497,20.0,True
ALL,ALL,LOCFE,761,0.3158501638517673,NOT_AVAILABLE,0.1995629926773629,0.7142256160164497,20.0,True
ALL,ALL,LOCFE,763,0.3158501638517673,NOT_AVAILABLE,0.1995629926773629,0.7142256160164497,20.0,True
ALL,ALL,LOCFE,764,0.3298936731632791,NOT_AVAILABLE,0.1995629926773629,0.7142256160164497,20.0,True
ALL,ALL,LOCFE,765,0.3298936731632791,NOT_AVAILABLE,0.1995629926773629,0.7151758688451713,20.0,True
ALL,ALL,LOCFE,825,0.3298936731632791,NOT_AVAILABLE,0.1995629926773629,0.7151758688451713,20.0,True
ALL,ALL,LOCFE,829,0.3298936731632791,NOT_AVAILABLE,0.1995629926773629,0.7151758688451713,20.0,True
ALL,ALL,LOCFE,830,0.3298936731632791,NOT_AVAILABLE,0.1995629926773629,0.7151758688451713,20.0,True
ALL,ALL,LOCFE,831,0.3298936731632791,NOT_AVAILABLE,0.1995629926773629,0.7151758688451713,20.0,True
ALL,ALL,LOCFE,833,0.3298936731632791,NOT_AVAILABLE,0.1995629926773629,0.7151758688451713,20.0,True
ALL,ALL,LOCFE,835,0.4642927256775929,NOT_AVAILABLE,0.2216073501066953,0.7151758688451713,20.0,True
ALL,ALL,LOCFE,836,0.6057781385610054,NOT_AVAILABLE,0.24380274438727942,0.8094666968731462,20.0,True
ALL,ALL,LOCFE,839,0.6057781385610054,NOT_AVAILABLE,0.24380274438727942,0.8157627005185103,20.0,True
ALL,ALL,LOCFE,843,0.6057781385610054,NOT_AVAILABLE,0.24380274438727942,0.8157627005185103,20.0,True
ALL,ALL,LOCFE,844,0.6057781385610054,NOT_AVAILABLE,0.24380274438727942,0.8157627005185103,20.0,True
ALL,ALL,LOCFE,846,0.6869237714232717,NOT_AVAILABLE,0.24380274438727942,0.8696235811346186,20.0,True
ALL,ALL,LOCFE,847,0.6869237714232717,NOT_AVAILABLE,0.24380274438727942,0.8696235811346186,20.0,True
ALL,ALL,LOCFE,848,0.6869237714232717,NOT_AVAILABLE,0.24380274438727942,0.8696235811346186,20.0,True
ALL,ALL,LOCFE,854,0.6869237714232717,NOT_AVAILABLE,0.24380274438727942,0.8696235811346186,20.0,True
ALL,ALL,LOCFE,902,0.6869237714232717,NOT_AVAILABLE,0.24380274438727942,0.8696235811346186,20.0,True
ALL,ALL,LOCFE,907,0.6869237714232717,NOT_AVAILABLE,0.24380274438727942,0.8696235811346186,20.0,True
ALL,ALL,LOCFE,908,0.6869237714232717,NOT_AVAILABLE,0.24517207146083175,0.8696235811346186,20.0,True
ALL,ALL,LOCFE,909,0.6869237714232717,NOT_AVAILABLE,0.24543195155078562,0.8696235811346186,20.0,True
ALL,ALL,LOCFE,912,0.6869237714232717,NOT_AVAILABLE,0.25651110353541956,0.8696235811346186,20.0,True
ALL,ALL,LOCFE,917,0.6896344797614358,NOT_AVAILABLE,0.25651110353541956,0.8696235811346186,20.0,True
ALL,ALL,LOCFE,918,0.6896344797614358,NOT_AVAILABLE,0.25651110353541956,0.8696235811346186,20.0,True
ALL,ALL,LOCFE,919,0.6896344797614358,NOT_AVAILABLE,0.25651110353541956,0.8696235811346186,20.0,True
ALL,ALL,LOCFE,920,0.6896344797614358,NOT_AVAILABLE,0.25651110353541956,0.8696235811346186,20.0,True
ALL,ALL,LOCFE,921,0.6896344797614358,NOT_AVAILABLE,0.25651110353541956,0.8696235811346186,20.0,True
ALL,ALL,LOCFE,926,0.6896344797614358,NOT_AVAILABLE,0.25651110353541956,0.8696235811346186,20.0,True
ALL,ALL,LOCFE,927,0.6901131438883339,NOT_AVAILABLE,0.258088666650425,0.8696235811346186,20.0,True
ALL,ALL,LOCFE,928,0.6901131438883339,NOT_AVAILABLE,0.258088666650425,0.8696235811346186,20.0,True
ALL,ALL,LOCFE,929,0.6901131438883339,NOT_AVAILABLE,0.258088666650425,0.8696235811346186,20.0,True
ALL,ALL,LOCFE,930,0.6901131438883339,NOT_AVAILABLE,0.258088666650425,0.8696235811346186,20.0,True
ALL,ALL,LOCFE,934,0.6954016088361206,NOT_AVAILABLE,0.258088666650425,0.8696235811346186,20.0,True
ALL,ALL,LOCFE,936,0.6954016088361206,NOT_AVAILABLE,0.258088666650425,0.8696235811346186,20.0,True
ALL,ALL,LOCFE,974,0.6954016088361206,NOT_AVAILABLE,0.258088666650425,0.8696235811346186,20.0,True
ALL,ALL,LOCFE,987,0.6973769885327665,NOT_AVAILABLE,0.258088666650425,0.8696235811346186,20.0,True
ALL,ALL,LOCFE,991,0.6973769885327665,NOT_AVAILABLE,0.258088666650425,0.8696235811346186,20.0,True
ALL,ALL,LOCFE,994,0.6973769885327665,NOT_AVAILABLE,0.2972250449965492,0.8696235811346186,20.0,True
ALL,ALL,LOCFE,996,0.6973769885327665,NOT_AVAILABLE,0.2972250449965492,0.8696235811346186,20.0,True
ALL,ALL,LOCFE,997,0.6973769885327665,NOT_AVAILABLE,0.2972250449965492,0.8696235811346186,20.0,True
ALL,ALL,LOCFE,998,0.6973769885327665,NOT_AVAILABLE,0.2972250449965492,0.8696235811346186,20.0,True
ALL,ALL,LOCFE,1001,0.6973769885327665,NOT_AVAILABLE,0.2972250449965492,0.8696235811346186,20.0,True
ALL,ALL,LOCFE,1002,0.6973769885327665,NOT_AVAILABLE,0.2972250449965492,0.8696235811346186,20.0,True
ALL,ALL,LOCFE,1003,0.6973769885327665,NOT_AVAILABLE,0.2972250449965492,0.8696235811346186,20.0,True
ALL,ALL,LOCFE,1005,0.7007072227183555,NOT_AVAILABLE,0.29774380514122256,0.8696235811346186,20.0,True
ALL,ALL,LOCFE,1010,0.7007072227183555,NOT_AVAILABLE,0.29774380514122256,0.8696235811346186,20.0,True
ALL,ALL,LOCFE,1011,0.7007072227183555,NOT_AVAILABLE,0.29774380514122256,0.8696235811346186,20.0,True
ALL,ALL,LOCFE,1013,0.7007072227183555,NOT_AVAILABLE,0.29774380514122256,0.8696235811346186,20.0,True
ALL,ALL,LOCFE,1014,0.7007072227183555,NOT_AVAILABLE,0.29774380514122256,0.8696235811346186,20.0,True
ALL,ALL,LOCFE,1020,0.7007072227183555,NOT_AVAILABLE,0.29774380514122256,0.8696235811346186,20.0,True
ALL,ALL,LOCFE,1051,0.7007072227183555,NOT_AVAILABLE,0.29774380514122256,0.8696235811346186,20.0,True
ALL,ALL,LOCFE,1062,0.7530768504680077,NOT_AVAILABLE,0.29774380514122256,0.8727512440757518,20.0,True
ALL,ALL,LOCFE,1064,0.7530768504680077,NOT_AVAILABLE,0.29774380514122256,0.8727512440757518,20.0,True
ALL,ALL,LOCFE,1068,0.7988253805499774,NOT_AVAILABLE,0.29774380514122256,0.9072277112109167,20.0,True
ALL,ALL,LOCFE,1069,0.7988253805499774,NOT_AVAILABLE,0.5951358177007793,0.9072277112109167,20.0,True
ALL,ALL,LOCFE,1075,0.7988253805499774,NOT_AVAILABLE,0.5951358177007793,0.9072277112109167,20.0,True
ALL,ALL,LOCFE,1081,0.7988253805499774,NOT_AVAILABLE,0.5951358177007793,0.9072277112109167,20.0,True
ALL,ALL,LOCFE,1085,0.7988253805499774,NOT_AVAILABLE,0.5951358177007793,0.9072277112109167,20.0,True
ALL,ALL,LOCFE,1086,0.7988253805499774,NOT_AVAILABLE,0.5951358177007793,0.9072277112109167,20.0,True
ALL,ALL,LOCFE,1088,0.7988253805499774,NOT_AVAILABLE,0.5951358177007793,0.9072277112109167,20.0,True
ALL,ALL,LOCFE,1090,0.7988253805499774,NOT_AVAILABLE,0.5951358177007793,0.9072277112109167,20.0,True
ALL,ALL,LOCFE,1092,0.7988253805499774,NOT_AVAILABLE,0.5951358177007793,0.9072277112109167,20.0,True
ALL,ALL,LOCFE,1095,0.7988253805499774,NOT_AVAILABLE,0.5951358177007793,0.9072277112109167,20.0,True
ALL,ALL,LOCFE,1097,0.7988253805499774,NOT_AVAILABLE,0.5951358177007793,0.9072277112109167,20.0,True
ALL,ALL,LOCFE,1100,0.7988253805499774,NOT_AVAILABLE,0.5951358177007793,0.9072277112109167,20.0,True
ALL,ALL,LOCFE,1122,0.7988253805499774,NOT_AVAILABLE,0.5951358177007793,0.9072277112109167,20.0,True
ALL,ALL,LOCFE,1136,0.7992818229078282,NOT_AVAILABLE,0.5951358177007793,0.9072277112109167,20.0,True
ALL,ALL,LOCFE,1139,0.7992818229078282,NOT_AVAILABLE,0.5951358177007793,0.9072277112109167,20.0,True
ALL,ALL,LOCFE,1146,0.7992818229078282,NOT_AVAILABLE,0.5951358177007793,0.9938974849050414,20.0,True
ALL,ALL,LOCFE,1148,0.7992818229078282,NOT_AVAILABLE,0.5951358177007793,0.9979793369179473,20.0,True
ALL,ALL,LOCFE,1154,0.7992818229078282,NOT_AVAILABLE,0.5951358177007793,0.9979793369179473,20.0,True
ALL,ALL,LOCFE,1156,0.7992818229078282,NOT_AVAILABLE,0.6900909221192866,0.9990585523592705,20.0,True
ALL,ALL,LOCFE,1158,0.7992818229078282,NOT_AVAILABLE,0.6900909221192866,0.9990585523592705,20.0,True
ALL,ALL,LOCFE,1160,0.7992818229078282,NOT_AVAILABLE,0.6900909221192866,0.9990585523592705,20.0,True
ALL,ALL,LOCFE,1161,0.7992818229078282,NOT_AVAILABLE,0.6900909221192866,0.9990585523592705,20.0,True
ALL,ALL,LOCFE,1162,0.7992818229078282,NOT_AVAILABLE,0.6900909221192866,0.9990585523592705,20.0,True
ALL,ALL,LOCFE,1163,0.7992818229078282,NOT_AVAILABLE,0.6900909221192866,0.9990585523592705,20.0,True
ALL,ALL,LOCFE,1167,0.7992818229078282,NOT_AVAILABLE,0.6900909221192866,0.9990585523592705,20.0,True
ALL,ALL,LOCFE,1174,0.7992818229078282,NOT_AVAILABLE,0.6900909221192866,0.9990585523592705,20.0,True
ALL,ALL,LOCFE,1177,0.7992818229078282,NOT_AVAILABLE,0.6900909221192866,0.9990585523592705,20.0,True
ALL,ALL,LOCFE,1179,0.7992818229078282,NOT_AVAILABLE,0.6900909221192866,0.9990585523592705,20.0,True
ALL,ALL,LOCFE,1198,0.7992818229078282,NOT_AVAILABLE,0.6900909221192866,0.9990585523592705,20.0,True
ALL,ALL,LOCFE,1210,0.7992818229078282,NOT_AVAILABLE,0.6900909221192866,0.9990585523592705,20.0,True
ALL,ALL,LOCFE,1214,0.7992818229078282,NOT_AVAILABLE,0.6900909221192866,0.9990585523592705,20.0,True
ALL,ALL,LOCFE,1216,0.7992818229078282,NOT_AVAILABLE,0.6900909221192866,0.9990585523592705,20.0,True
ALL,ALL,LOCFE,1220,0.7992818229078282,NOT_AVAILABLE,0.6900909221192866,0.9998839212891544,20.0,True
ALL,ALL,LOCFE,1223,0.7992818229078282,NOT_AVAILABLE,0.6900909221192866,0.9998839212891544,20.0,True
ALL,ALL,LOCFE,1230,0.7992818229078282,NOT_AVAILABLE,0.6900909221192866,0.9998839212891544,20.0,True
ALL,ALL,LOCFE,1232,0.7992818229078282,NOT_AVAILABLE,0.6900909221192866,0.9998839212891544,20.0,True
ALL,ALL,LOCFE,1233,0.7992818229078282,NOT_AVAILABLE,0.6900909221192866,0.9998839212891544,20.0,True
ALL,ALL,LOCFE,1234,0.8040812670256933,NOT_AVAILABLE,0.6900909221192866,0.9998839212891544,20.0,True
ALL,ALL,LOCFE,1237,0.8040812670256933,NOT_AVAILABLE,0.6900909221192866,0.9998839212891544,20.0,True
ALL,ALL,LOCFE,1239,0.8040812670256933,NOT_AVAILABLE,0.6900909221192866,0.9998839212891544,20.0,True
ALL,ALL,LOCFE,1242,0.8040812670256933,NOT_AVAILABLE,0.6900909221192866,0.9998839212891544,20.0,True
ALL,ALL,LOCFE,1244,0.8040812670256933,NOT_AVAILABLE,0.6900909221192866,0.9998839212891544,20.0,True
ALL,ALL,LOCFE,1245,0.8400632239551614,NOT_AVAILABLE,0.6900909221192866,0.9998839212891544,20.0,True
ALL,ALL,LOCFE,1249,0.8400632239551614,NOT_AVAILABLE,0.6900909221192866,0.9998839212891544,20.0,True
ALL,ALL,LOCFE,1250,0.8400632239551614,NOT_AVAILABLE,0.7043461236780895,0.9998839212891544,20.0,True
ALL,ALL,LOCFE,1256,0.8400632239551614,NOT_AVAILABLE,0.7043461236780895,0.9998839212891544,20.0,True
ALL,ALL,LOCFE,1283,0.8400632239551614,NOT_AVAILABLE,0.7043461236780895,0.9998839212891544,20.0,True
ALL,ALL,LOCFE,1284,0.8400632239551614,NOT_AVAILABLE,0.7043461236780895,0.9998839212891544,20.0,True
ALL,ALL,LOCFE,1285,0.8400632239551614,NOT_AVAILABLE,0.7043461236780895,0.9998839212891544,20.0,True
ALL,ALL,LOCFE,1291,0.8400632239551614,NOT_AVAILABLE,0.7043461236780895,0.9998839212891544,20.0,True
ALL,ALL,LOCFE,1292,0.8400632239551614,NOT_AVAILABLE,0.7043461236780895,0.9998839212891544,20.0,True
ALL,ALL,LOCFE,1293,0.8400632239551614,NOT_AVAILABLE,0.7043461236780895,0.9998839212891544,20.0,True
ALL,ALL,LOCFE,1301,0.8400632239551614,NOT_AVAILABLE,0.7043461236780895,0.9998839212891544,20.0,True
ALL,ALL,LOCFE,1305,0.8400632239551614,NOT_AVAILABLE,0.7043461236780895,0.9998839212891544,20.0,True
ALL,ALL,LOCFE,1306,0.8400632239551614,NOT_AVAILABLE,0.7043461236780895,0.9998839212891544,20.0,True
ALL,ALL,LOCFE,1307,0.8747798188375304,NOT_AVAILABLE,0.7043461236780895,0.9998839212891544,20.0,True
ALL,ALL,LOCFE,1309,0.8747798188375304,NOT_AVAILABLE,0.710115701608283,1.0001121424680797,20.0,True
ALL,ALL,LOCFE,1314,0.8747798188375304,NOT_AVAILABLE,0.710115701608283,1.0001121424680797,20.0,True
ALL,ALL,LOCFE,1315,0.8747798188375304,NOT_AVAILABLE,0.710115701608283,1.0001121424680797,20.0,True
ALL,ALL,LOCFE,1317,0.8747798188375304,NOT_AVAILABLE,0.710115701608283,1.0001121424680797,20.0,True
ALL,ALL,LOCFE,1318,0.8747798188375304,NOT_AVAILABLE,0.710115701608283,1.0001121424680797,20.0,True
ALL,ALL,LOCFE,1325,0.8747798188375304,NOT_AVAILABLE,0.710115701608283,1.0001121424680797,20.0,True
ALL,ALL,LOCFE,1329,0.8747798188375304,NOT_AVAILABLE,0.710115701608283,1.0001121424680797,20.0,True
ALL,ALL,LOCFE,1354,0.8747798188375304,NOT_AVAILABLE,0.710115701608283,1.0001121424680797,20.0,True
ALL,ALL,LOCFE,1355,0.8747798188375304,NOT_AVAILABLE,0.710115701608283,1.0001121424680797,20.0,True
ALL,ALL,LOCFE,1356,0.8747798188375304,NOT_AVAILABLE,0.710115701608283,1.0001121424680797,20.0,True
ALL,ALL,LOCFE,1362,0.8747798188375304,NOT_AVAILABLE,0.710115701608283,1.0009128697651448,20.0,True
ALL,ALL,LOCFE,1367,0.8747798188375304,NOT_AVAILABLE,0.710115701608283,1.0009128697651448,20.0,True
ALL,ALL,LOCFE,1375,0.8747798188375304,NOT_AVAILABLE,0.710115701608283,1.0009128697651448,20.0,True
ALL,ALL,LOCFE,1377,0.8771820173643796,NOT_AVAILABLE,0.710115701608283,1.0009128697651448,20.0,True
ALL,ALL,LOCFE,1380,0.8771820173643796,NOT_AVAILABLE,0.710115701608283,1.001163716199848,20.0,True
ALL,ALL,LOCFE,1381,0.8771820173643796,NOT_AVAILABLE,0.710115701608283,1.001163716199848,20.0,True
ALL,ALL,LOCFE,1382,0.8771820173643796,NOT_AVAILABLE,0.710115701608283,1.001163716199848,20.0,True
ALL,ALL,LOCFE,1384,0.8771820173643796,NOT_AVAILABLE,0.710115701608283,1.001163716199848,20.0,True
ALL,ALL,LOCFE,1386,0.8771820173643796,NOT_AVAILABLE,0.7172617861384459,1.001163716199848,20.0,True
ALL,ALL,LOCFE,1387,0.8792267856239979,NOT_AVAILABLE,0.7172617861384459,1.001163716199848,20.0,True
ALL,ALL,LOCFE,1389,0.8792267856239979,NOT_AVAILABLE,0.7172617861384459,1.001163716199848,20.0,True
ALL,ALL,LOCFE,1390,0.8792267856239979,NOT_AVAILABLE,0.7172617861384459,1.001163716199848,20.0,True
ALL,ALL,LOCFE,1398,0.8792267856239979,NOT_AVAILABLE,0.7806987206153578,1.001163716199848,20.0,True
ALL,ALL,LOCFE,1399,0.8792267856239979,NOT_AVAILABLE,0.7806987206153578,1.001163716199848,20.0,True
ALL,ALL,LOCFE,1418,0.8792267856239979,NOT_AVAILABLE,0.7806987206153578,1.001163716199848,20.0,True
ALL,ALL,LOCFE,1422,0.8792267856239979,NOT_AVAILABLE,0.7806987206153578,1.001163716199848,20.0,True
ALL,ALL,LOCFE,1423,0.8792267856239979,NOT_AVAILABLE,0.7806987206153578,1.001163716199848,20.0,True
ALL,ALL,LOCFE,1429,0.8817905449742511,NOT_AVAILABLE,0.7806987206153578,1.0026220883731687,20.0,True
ALL,ALL,LOCFE,1431,0.8817905449742511,NOT_AVAILABLE,0.7806987206153578,1.0026220883731687,20.0,True
ALL,ALL,LOCFE,1437,0.8817905449742511,NOT_AVAILABLE,0.7806987206153578,1.0026220883731687,20.0,True
ALL,ALL,LOCFE,1444,0.8817905449742511,NOT_AVAILABLE,0.7806987206153578,1.0026220883731687,20.0,True
ALL,ALL,LOCFE,1445,0.8838978619666535,NOT_AVAILABLE,0.7806987206153578,1.0046883120933097,20.0,True
ALL,ALL,LOCFE,1448,0.8838978619666535,NOT_AVAILABLE,0.7995100440867536,1.0046883120933097,20.0,True
ALL,ALL,LOCFE,1449,0.8838978619666535,NOT_AVAILABLE,0.7995100440867536,1.0046883120933097,20.0,True
ALL,ALL,LOCFE,1450,0.8838978619666535,NOT_AVAILABLE,0.7995100440867536,1.0101323942039055,20.0,True
ALL,ALL,LOCFE,1451,0.8838978619666535,NOT_AVAILABLE,0.7995100440867536,1.0101323942039055,20.0,True
ALL,ALL,LOCFE,1453,0.8838978619666535,NOT_AVAILABLE,0.7995100440867536,1.0101323942039055,20.0,True
ALL,ALL,LOCFE,1454,0.8838978619666535,NOT_AVAILABLE,0.7995100440867536,1.0101323942039055,20.0,True
ALL,ALL,LOCFE,1459,0.8838978619666535,NOT_AVAILABLE,0.7995100440867536,1.0101323942039055,20.0,True
ALL,ALL,LOCFE,1467,0.8838978619666535,NOT_AVAILABLE,0.799738265265679,1.0101323942039055,20.0,True
ALL,ALL,LOCFE,1472,0.8838978619666535,NOT_AVAILABLE,0.799738265265679,1.0101323942039055,20.0,True
ALL,ALL,LOCFE,1473,0.8872280961522425,NOT_AVAILABLE,0.799738265265679,1.0109488841329877,20.0,True
ALL,ALL,LOCFE,1482,0.8872280961522425,NOT_AVAILABLE,0.799738265265679,1.0109488841329877,20.0,True
ALL,ALL,LOCFE,1483,0.8872280961522425,NOT_AVAILABLE,0.799738265265679,1.0109488841329877,20.0,True
ALL,ALL,LOCFE,1485,0.8872280961522425,NOT_AVAILABLE,0.799738265265679,1.0109488841329877,20.0,True
ALL,ALL,LOCFE,1492,0.8872280961522425,NOT_AVAILABLE,0.799738265265679,1.0109488841329877,20.0,True
ALL,ALL,LOCFE,1498,0.8872280961522425,NOT_AVAILABLE,0.799738265265679,1.0115725844888304,20.0,True
ALL,ALL,LOCFE,1502,0.8872280961522425,NOT_AVAILABLE,0.799738265265679,1.0115725844888304,20.0,True
ALL,ALL,LOCFE,1507,0.8872280961522425,NOT_AVAILABLE,0.799738265265679,1.0115725844888304,20.0,True
ALL,ALL,LOCFE,1508,0.8872280961522425,NOT_AVAILABLE,0.799738265265679,1.0122572480256067,20.0,True
ALL,ALL,LOCFE,1515,0.8872280961522425,NOT_AVAILABLE,0.799738265265679,1.0122572480256067,20.0,True
ALL,ALL,LOCFE,1516,0.8872280961522425,NOT_AVAILABLE,0.799738265265679,1.0122572480256067,20.0,True
ALL,ALL,LOCFE,1518,0.8872280961522425,NOT_AVAILABLE,0.799738265265679,1.0122572480256067,20.0,True
ALL,ALL,LOCFE,1519,0.8872280961522425,NOT_AVAILABLE,0.8566298349133789,1.0122572480256067,20.0,True
ALL,ALL,LOCFE,1521,0.8872280961522425,NOT_AVAILABLE,0.8566298349133789,1.0122572480256067,20.0,True
ALL,ALL,LOCFE,1523,0.8872280961522425,NOT_AVAILABLE,0.8566298349133789,1.0122572480256067,20.0,True
ALL,ALL,LOCFE,1524,0.8872280961522425,NOT_AVAILABLE,0.8566298349133789,1.0122572480256067,20.0,True
ALL,ALL,LOCFE,1529,0.8872280961522425,NOT_AVAILABLE,0.8566298349133789,1.0122572480256067,20.0,True
ALL,ALL,LOCFE,1533,0.8872280961522425,NOT_AVAILABLE,0.8566298349133789,1.0122572480256067,20.0,True
ALL,ALL,LOCFE,1536,0.8872280961522425,NOT_AVAILABLE,0.8566298349133789,1.0122572480256067,20.0,True
ALL,ALL,LOCFE,1546,0.8872280961522425,NOT_AVAILABLE,0.8566298349133789,1.0122572480256067,20.0,True
ALL,ALL,LOCFE,1548,0.8872280961522425,NOT_AVAILABLE,0.8566298349133789,1.0122572480256067,20.0,True
ALL,ALL,LOCFE,1549,0.8872280961522425,NOT_AVAILABLE,0.8566298349133789,1.0122572480256067,20.0,True
ALL,ALL,LOCFE,1550,0.8872280961522425,NOT_AVAILABLE,0.8590295569723114,1.0122572480256067,20.0,True
ALL,ALL,LOCFE,1554,0.8872280961522425,NOT_AVAILABLE,0.8590295569723114,1.0122572480256067,20.0,True
ALL,ALL,LOCFE,1555,0.8872280961522425,NOT_AVAILABLE,0.8590295569723114,1.0122572480256067,20.0,True
ALL,ALL,LOCFE,1559,0.8872280961522425,NOT_AVAILABLE,0.8590295569723114,1.0122572480256067,20.0,True
ALL,ALL,LOCFE,1563,0.8872280961522425,NOT_AVAILABLE,0.8590295569723114,1.0122572480256067,20.0,True
ALL,ALL,LOCFE,1572,0.9439254697441095,NOT_AVAILABLE,0.8590295569723114,1.0126690184992886,20.0,True
ALL,ALL,LOCFE,1577,0.9439254697441095,NOT_AVAILABLE,0.8590295569723114,1.0126690184992886,20.0,True
ALL,ALL,LOCFE,1580,1.0054307977306625,NOT_AVAILABLE,0.8620967093617389,1.0126690184992886,20.0,True
ALL,ALL,LOCFE,1585,1.0054307977306625,NOT_AVAILABLE,0.8620967093617389,1.0126690184992886,20.0,True
ALL,ALL,LOCFE,1586,1.0054307977306625,NOT_AVAILABLE,0.8620967093617389,1.0126690184992886,20.0,True
ALL,ALL,LOCFE,1590,1.0064520755819086,NOT_AVAILABLE,0.863533605275608,1.0126690184992886,20.0,True
ALL,ALL,LOCFE,1592,1.0064520755819086,NOT_AVAILABLE,0.863533605275608,1.0126690184992886,20.0,True
ALL,ALL,LOCFE,1594,1.0064520755819086,NOT_AVAILABLE,0.863533605275608,1.0126690184992886,20.0,True
ALL,ALL,LOCFE,1595,1.0064520755819086,NOT_AVAILABLE,0.863533605275608,1.0126690184992886,20.0,True
ALL,ALL,LOCFE,1596,1.0064520755819086,NOT_AVAILABLE,0.863533605275608,1.0126690184992886,20.0,True
ALL,ALL,LOCFE,1600,1.0064520755819086,NOT_AVAILABLE,0.863533605275608,1.0126690184992886,20.0,True
ALL,ALL,LOCFE,1605,1.0064520755819086,NOT_AVAILABLE,0.863533605275608,1.0126690184992886,20.0,True
ALL,ALL,LOCFE,1610,1.0064520755819086,NOT_AVAILABLE,0.863533605275608,1.0140361563126403,20.0,True
ALL,ALL,LOCFE,1614,1.0064520755819086,NOT_AVAILABLE,0.863533605275608,1.0140361563126403,20.0,True
ALL,ALL,LOCFE,1615,1.0064520755819086,NOT_AVAILABLE,0.863533605275608,1.0140361563126403,20.0,True
ALL,ALL,LOCFE,1618,1.0064520755819086,NOT_AVAILABLE,0.863533605275608,1.0140361563126403,20.0,True
ALL,ALL,LOCFE,1627,1.0064520755819086,NOT_AVAILABLE,0.863533605275608,1.0140361563126403,20.0,True
ALL,ALL,LOCFE,1634,1.0064520755819086,NOT_AVAILABLE,0.863533605275608,1.0140361563126403,20.0,True
ALL,ALL,LOCFE,1641,1.0064520755819086,NOT_AVAILABLE,0.863533605275608,1.0140361563126403,20.0,True
ALL,ALL,LOCFE,1646,1.0064520755819086,NOT_AVAILABLE,0.863533605275608,1.0140361563126403,20.0,True
ALL,ALL,LOCFE,1648,1.0069085179397594,NOT_AVAILABLE,0.863533605275608,1.0140361563126403,20.0,True
ALL,ALL,LOCFE,1649,1.0069085179397594,NOT_AVAILABLE,0.863533605275608,1.0140361563126403,20.0,True
ALL,ALL,LOCFE,1650,1.0069085179397594,NOT_AVAILABLE,0.863533605275608,1.0140361563126403,20.0,True
ALL,ALL,LOCFE,1653,1.0069085179397594,NOT_AVAILABLE,0.863533605275608,1.0140361563126403,20.0,True
ALL,ALL,LOCFE,1658,1.0069085179397594,NOT_AVAILABLE,0.863533605275608,1.0140361563126403,20.0,True
ALL,ALL,LOCFE,1660,1.0069085179397594,NOT_AVAILABLE,0.8828442034704523,1.0140361563126403,20.0,True
ALL,ALL,LOCFE,1663,1.0069085179397594,NOT_AVAILABLE,0.8828442034704523,1.0140361563126403,20.0,True
ALL,ALL,LOCFE,1664,1.0069085179397594,NOT_AVAILABLE,0.8828442034704523,1.0140361563126403,20.0,True
ALL,ALL,LOCFE,1666,1.0069085179397594,NOT_AVAILABLE,0.8828442034704523,1.0140361563126403,20.0,True
ALL,ALL,LOCFE,1670,1.0069085179397594,NOT_AVAILABLE,0.8828442034704523,1.0140361563126403,20.0,True
ALL,ALL,LOCFE,1671,1.0069085179397594,NOT_AVAILABLE,0.8828442034704523,1.0140361563126403,20.0,True
ALL,ALL,LOCFE,1672,1.0069085179397594,NOT_AVAILABLE,0.8828442034704523,1.0140361563126403,20.0,True
ALL,ALL,LOCFE,1676,1.0069085179397594,NOT_AVAILABLE,0.8828442034704523,1.0140361563126403,20.0,True
ALL,ALL,LOCFE,1678,1.0084521540295857,NOT_AVAILABLE,0.8828442034704523,1.0140361563126403,20.0,True
ALL,ALL,LOCFE,1681,1.0084521540295857,NOT_AVAILABLE,0.8828442034704523,1.0140361563126403,20.0,True
ALL,ALL,LOCFE,1683,1.0106700767146586,NOT_AVAILABLE,0.8838978619666535,1.0140361563126403,20.0,True
ALL,ALL,LOCFE,1697,1.0106700767146586,NOT_AVAILABLE,0.8838978619666535,1.0140361563126403,20.0,True
ALL,ALL,LOCFE,1703,1.0106700767146586,NOT_AVAILABLE,0.8838978619666535,1.0140361563126403,20.0,True
ALL,ALL,LOCFE,1707,1.0106700767146586,NOT_AVAILABLE,0.8838978619666535,1.0140361563126403,20.0,True
ALL,ALL,LOCFE,1709,1.0106700767146586,NOT_AVAILABLE,0.8838978619666535,1.0140361563126403,20.0,True
ALL,ALL,LOCFE,1711,1.0106700767146586,NOT_AVAILABLE,0.8838978619666535,1.0140361563126403,20.0,True
ALL,ALL,LOCFE,1714,1.0118008056677559,NOT_AVAILABLE,0.8838978619666535,1.0146598566684832,20.0,True
ALL,ALL,LOCFE,1715,1.0118008056677559,NOT_AVAILABLE,0.8838978619666535,1.0146598566684832,20.0,True
ALL,ALL,LOCFE,1718,1.0118008056677559,NOT_AVAILABLE,0.8838978619666535,1.0146598566684832,20.0,True
ALL,ALL,LOCFE,1720,1.0118008056677559,NOT_AVAILABLE,0.8838978619666535,1.0146598566684832,20.0,True
ALL,ALL,LOCFE,1723,1.0118008056677559,NOT_AVAILABLE,0.8838978619666535,1.0146598566684832,20.0,True
ALL,ALL,LOCFE,1725,1.0118008056677559,NOT_AVAILABLE,0.8838978619666535,1.0146598566684832,20.0,True
ALL,ALL,LOCFE,1728,1.0118008056677559,NOT_AVAILABLE,0.8838978619666535,1.0146598566684832,20.0,True
ALL,ALL,LOCFE,1729,1.0122572480256067,NOT_AVAILABLE,0.8838978619666535,1.0146598566684832,20.0,True
ALL,ALL,LOCFE,1730,1.0122572480256067,NOT_AVAILABLE,0.8838978619666535,1.0146598566684832,20.0,True
ALL,ALL,LOCFE,1731,1.0122572480256067,NOT_AVAILABLE,0.8838978619666535,1.0146598566684832,20.0,True
ALL,ALL,LOCFE,1735,1.0122572480256067,NOT_AVAILABLE,0.8838978619666535,1.0146598566684832,20.0,True
ALL,ALL,LOCFE,1736,1.0122572480256067,NOT_AVAILABLE,0.8838978619666535,1.0146598566684832,20.0,True
ALL,ALL,LOCFE,1737,1.0122572480256067,NOT_AVAILABLE,0.8838978619666535,1.0146598566684832,20.0,True
ALL,ALL,LOCFE,1742,1.0122572480256067,NOT_AVAILABLE,0.8838978619666535,1.0146598566684832,20.0,True
ALL,ALL,LOCFE,1756,1.0122572480256067,NOT_AVAILABLE,0.8838978619666535,1.0153445202052596,20.0,True
ALL,ALL,LOCFE,1757,1.0122572480256067,NOT_AVAILABLE,0.8838978619666535,1.0153445202052596,20.0,True
ALL,ALL,LOCFE,1763,1.0122572480256067,NOT_AVAILABLE,0.8838978619666535,1.0153445202052596,20.0,True
ALL,ALL,LOCFE,1765,1.0122572480256067,NOT_AVAILABLE,0.8838978619666535,1.0153445202052596,20.0,True
ALL,ALL,LOCFE,1767,1.0122572480256067,NOT_AVAILABLE,0.8838978619666535,1.0153445202052596,20.0,True
ALL,ALL,LOCFE,1768,1.0122572480256067,NOT_AVAILABLE,0.8838978619666535,1.0153445202052596,20.0,True
ALL,ALL,LOCFE,1774,1.0122572480256067,NOT_AVAILABLE,0.8838978619666535,1.0153445202052596,20.0,True
ALL,ALL,LOCFE,1776,1.0122572480256067,NOT_AVAILABLE,0.8838978619666535,1.0153445202052596,20.0,True
ALL,ALL,LOCFE,1778,1.0122572480256067,NOT_AVAILABLE,0.8838978619666535,1.0153445202052596,20.0,True
ALL,ALL,LOCFE,1779,1.0122572480256067,NOT_AVAILABLE,0.8838978619666535,1.0153445202052596,20.0,True
ALL,ALL,LOCFE,1785,1.0122572480256067,NOT_AVAILABLE,0.8838978619666535,1.0153445202052596,20.0,True
ALL,ALL,LOCFE,1786,1.0122572480256067,NOT_AVAILABLE,0.8838978619666535,1.0153445202052596,20.0,True
ALL,ALL,LOCFE,1787,1.0122572480256067,NOT_AVAILABLE,0.8838978619666535,1.0153445202052596,20.0,True
ALL,ALL,LOCFE,1788,1.0122572480256067,NOT_AVAILABLE,0.8838978619666535,1.0153445202052596,20.0,True
ALL,ALL,LOCFE,1789,1.0122572480256067,NOT_AVAILABLE,0.8838978619666535,1.0153445202052596,20.0,True
ALL,ALL,LOCFE,1790,1.0122572480256067,NOT_AVAILABLE,0.8838978619666535,1.0153445202052596,20.0,True
ALL,ALL,LOCFE,1793,1.0122572480256067,NOT_AVAILABLE,0.8838978619666535,1.0153445202052596,20.0,True
ALL,ALL,LOCFE,1800,1.0122572480256067,NOT_AVAILABLE,0.8838978619666535,1.0153445202052596,20.0,True
ALL,ALL,LOCFE,1801,1.0122572480256067,NOT_AVAILABLE,0.8838978619666535,1.0153445202052596,20.0,True
ALL,ALL,LOCFE,1819,1.0133444417575823,NOT_AVAILABLE,0.8838978619666535,1.0153445202052596,20.0,True
ALL,ALL,LOCFE,1821,1.0133444417575823,NOT_AVAILABLE,0.8838978619666535,1.0153445202052596,20.0,True
ALL,ALL,LOCFE,1822,1.0133444417575823,NOT_AVAILABLE,0.8838978619666535,1.0153445202052596,20.0,True
ALL,ALL,LOCFE,1825,1.0133444417575823,NOT_AVAILABLE,0.8838978619666535,1.0153445202052596,20.0,True
ALL,ALL,LOCFE,1828,1.0133444417575823,NOT_AVAILABLE,0.8838978619666535,1.0153445202052596,20.0,True
ALL,ALL,LOCFE,1829,1.0133444417575823,NOT_AVAILABLE,0.8838978619666535,1.0153445202052596,20.0,True
ALL,ALL,LOCFE,1834,1.0133444417575823,NOT_AVAILABLE,0.8838978619666535,1.0153445202052596,20.0,True
ALL,ALL,LOCFE,1836,1.0133444417575823,NOT_AVAILABLE,0.8838978619666535,1.0153445202052596,20.0,True
ALL,ALL,LOCFE,1838,1.0133444417575823,NOT_AVAILABLE,0.8838978619666535,1.0153445202052596,20.0,True
ALL,ALL,LOCFE,1839,1.0133444417575823,NOT_AVAILABLE,0.8838978619666535,1.0153445202052596,20.0,True
ALL,ALL,LOCFE,1841,1.0133444417575823,NOT_AVAILABLE,0.8838978619666535,1.0153445202052596,20.0,True
ALL,ALL,LOCFE,1843,1.0133444417575823,NOT_AVAILABLE,0.8838978619666535,1.0153445202052596,20.0,True
ALL,ALL,LOCFE,1848,1.0133444417575823,NOT_AVAILABLE,0.8838978619666535,1.0153445202052596,20.0,True
ALL,ALL,LOCFE,1849,1.0133444417575823,NOT_AVAILABLE,0.8838978619666535,1.0153445202052596,20.0,True
ALL,ALL,LOCFE,1852,1.0133444417575823,NOT_AVAILABLE,0.8838978619666535,1.0153445202052596,20.0,True
ALL,ALL,LOCFE,1861,1.0133444417575823,NOT_AVAILABLE,0.8838978619666535,1.0153445202052596,20.0,True
ALL,ALL,LOCFE,1870,1.0133444417575823,NOT_AVAILABLE,0.8838978619666535,1.0153445202052596,20.0,True
ALL,ALL,LOCFE,1875,1.0133444417575823,NOT_AVAILABLE,0.8838978619666535,1.0153445202052596,20.0,True
ALL,ALL,LOCFE,1877,1.0133444417575823,NOT_AVAILABLE,0.8838978619666535,1.0153445202052596,20.0,True
ALL,ALL,LOCFE,1879,1.0133444417575823,NOT_AVAILABLE,0.8838978619666535,1.0153445202052596,20.0,True
ALL,ALL,LOCFE,1880,1.0133444417575823,NOT_AVAILABLE,0.8838978619666535,1.0153445202052596,20.0,True
ALL,ALL,LOCFE,1881,1.0133444417575823,NOT_AVAILABLE,0.8838978619666535,1.0153445202052596,20.0,True
ALL,ALL,LOCFE,1883,1.0133444417575823,NOT_AVAILABLE,0.8838978619666535,1.0153445202052596,20.0,True
ALL,ALL,LOCFE,1884,1.0148880778474088,NOT_AVAILABLE,0.8838978619666535,1.0153445202052596,20.0,True
ALL,ALL,LOCFE,1886,1.0148880778474088,NOT_AVAILABLE,0.8838978619666535,1.0153445202052596,20.0,True
ALL,ALL,LOCFE,1888,1.0148880778474088,NOT_AVAILABLE,0.8838978619666535,1.0153445202052596,20.0,True
ALL,ALL,LOCFE,1892,1.0148880778474088,NOT_AVAILABLE,0.8838978619666535,1.0153445202052596,20.0,True
ALL,ALL,LOCFE,1897,1.0148880778474088,NOT_AVAILABLE,0.8838978619666535,1.0153445202052596,20.0,True
ALL,ALL,LOCFE,1901,1.0148880778474088,NOT_AVAILABLE,0.8838978619666535,1.0153445202052596,20.0,True
ALL,ALL,LOCFE,1902,1.0148880778474088,NOT_AVAILABLE,0.8838978619666535,1.0153445202052596,20.0,True
ALL,ALL,LOCFE,1903,1.0148880778474088,NOT_AVAILABLE,0.8838978619666535,1.0153445202052596,20.0,True
ALL,ALL,LOCFE,1906,1.0148880778474088,NOT_AVAILABLE,0.8838978619666535,1.0153445202052596,20.0,True
ALL,ALL,LOCFE,1918,1.0148880778474088,NOT_AVAILABLE,0.8838978619666535,1.0153445202052596,20.0,True
ALL,ALL,LOCFE,1920,1.0148880778474088,NOT_AVAILABLE,0.8838978619666535,1.0153445202052596,20.0,True
ALL,ALL,LOCFE,1921,1.0148880778474088,NOT_AVAILABLE,0.8838978619666535,1.0153445202052596,20.0,True
ALL,ALL,LOCFE,1928,1.0148880778474088,NOT_AVAILABLE,0.8838978619666535,1.0153445202052596,20.0,True
ALL,ALL,LOCFE,1929,1.0148880778474088,NOT_AVAILABLE,0.9801674015108683,1.0153445202052596,20.0,True
ALL,ALL,LOCFE,1930,1.0148880778474088,NOT_AVAILABLE,1.0122572480256067,1.0153445202052596,20.0,True
ALL,ALL,LOCFE,1932,1.0148880778474088,NOT_AVAILABLE,1.0122572480256067,1.0153445202052596,20.0,True
ALL,ALL,LOCFE,1933,1.0148880778474088,NOT_AVAILABLE,1.0122572480256067,1.0153445202052596,20.0,True
ALL,ALL,LOCFE,1934,1.0148880778474088,NOT_AVAILABLE,1.0122572480256067,1.0153445202052596,20.0,True
ALL,ALL,LOCFE,1938,1.0148880778474088,NOT_AVAILABLE,1.0122572480256067,1.0153445202052596,20.0,True
ALL,ALL,LOCFE,1939,1.0148880778474088,NOT_AVAILABLE,1.0122572480256067,1.0153445202052596,20.0,True
ALL,ALL,LOCFE,1947,1.0148880778474088,NOT_AVAILABLE,1.0122572480256067,1.0153445202052596,20.0,True
ALL,ALL,LOCFE,1951,1.0148880778474088,NOT_AVAILABLE,1.0122572480256067,1.0153445202052596,20.0,True
ALL,ALL,LOCFE,1961,1.0148880778474088,NOT_AVAILABLE,1.0122572480256067,1.0153445202052596,20.0,True
ALL,ALL,LOCFE,1962,1.0148880778474088,NOT_AVAILABLE,1.0122572480256067,1.0153445202052596,20.0,True
ALL,ALL,LOCFE,1966,1.0148880778474088,NOT_AVAILABLE,1.0122572480256067,1.0153445202052596,20.0,True
ALL,ALL,LOCFE,1972,1.0148880778474088,NOT_AVAILABLE,1.0122572480256067,1.0153445202052596,20.0,True
ALL,ALL,LOCFE,1973,1.0148880778474088,NOT_AVAILABLE,1.0122572480256067,1.0153445202052596,20.0,True
ALL,ALL,LOCFE,1974,1.0148880778474088,NOT_AVAILABLE,1.0122572480256067,1.0153445202052596,20.0,True
ALL,ALL,LOCFE,1975,1.0148880778474088,NOT_AVAILABLE,1.0122572480256067,1.0153445202052596,20.0,True
ALL,ALL,LOCFE,1978,1.0148880778474088,NOT_AVAILABLE,1.0122572480256067,1.0153445202052596,20.0,True
ALL,ALL,LOCFE,1979,1.0148880778474088,NOT_AVAILABLE,1.0122572480256067,1.0153445202052596,20.0,True
ALL,ALL,LOCFE,1981,1.0148880778474088,NOT_AVAILABLE,1.0122572480256067,1.0153445202052596,20.0,True
ALL,ALL,LOCFE,1982,1.0148880778474088,NOT_AVAILABLE,1.0122572480256067,1.0153445202052596,20.0,True
ALL,ALL,LOCFE,1983,1.0148880778474088,NOT_AVAILABLE,1.0122572480256067,1.0153445202052596,20.0,True
ALL,ALL,LOCFE,1985,1.0148880778474088,NOT_AVAILABLE,1.0122572480256067,1.0153445202052596,20.0,True
ALL,ALL,LOCFE,1997,1.0148880778474088,NOT_AVAILABLE,1.0122572480256067,1.0153445202052596,20.0,True
ALL,ALL,LOCFE,1999,1.0148880778474088,NOT_AVAILABLE,1.0122572480256067,1.0153445202052596,20.0,True
ALL,ALL,LOCFE,2005,1.0148880778474088,NOT_AVAILABLE,1.0122572480256067,1.0153445202052596,20.0,True
ALL,ALL,LOCFE,2013,1.0148880778474088,NOT_AVAILABLE,1.0122572480256067,1.0153445202052596,20.0,True
ALL,ALL,LOCFE,2015,1.0148880778474088,NOT_AVAILABLE,1.0122572480256067,1.0153445202052596,20.0,True
ALL,ALL,LOCFE,2016,1.0148880778474088,NOT_AVAILABLE,1.0122572480256067,1.0153445202052596,20.0,True
ALL,ALL,LOCFE,2019,1.0148880778474088,NOT_AVAILABLE,1.0122572480256067,1.0153445202052596,20.0,True
ALL,ALL,LOCFE,2020,1.0148880778474088,NOT_AVAILABLE,1.0122572480256067,1.0153445202052596,20.0,True
ALL,ALL,LOCFE,2023,1.0148880778474088,NOT_AVAILABLE,1.0122572480256067,1.0153445202052596,20.0,True
ALL,ALL,LOCFE,2024,1.0153445202052596,NOT_AVAILABLE,1.0122572480256067,1.0153445202052596,20.0,True
ALL,ALL,LOCFE,2025,1.0153445202052596,NOT_AVAILABLE,1.0122572480256067,1.0153445202052596,20.0,True
ALL,ALL,LOCFE,2026,1.0153445202052596,NOT_AVAILABLE,1.0122572480256067,1.0153445202052596,20.0,True
ALL,ALL,LOCFE,2028,1.0153445202052596,NOT_AVAILABLE,1.0122572480256067,1.0153445202052596,20.0,True
ALL,ALL,LOCFE,2033,1.0153445202052596,NOT_AVAILABLE,1.0122572480256067,1.0153445202052596,20.0,True
ALL,ALL,LOCFE,2036,1.0153445202052596,NOT_AVAILABLE,1.0122572480256067,1.0153445202052596,20.0,True
ALL,ALL,LOCFE,2042,1.0153445202052596,NOT_AVAILABLE,1.0122572480256067,1.0153445202052596,20.0,True
ALL,ALL,LOCFE,2043,1.0153445202052596,NOT_AVAILABLE,1.0122572480256067,1.0153445202052596,20.0,True
ALL,ALL,LOCFE,2046,1.0153445202052596,NOT_AVAILABLE,1.0122572480256067,1.0153445202052596,20.0,True
ALL,ALL,LOCFE,2050,1.0153445202052596,NOT_AVAILABLE,1.0122572480256067,1.0153445202052596,20.0,True
ALL,ALL,LOCFE,2053,1.0153445202052596,NOT_AVAILABLE,1.0122572480256067,1.0153445202052596,20.0,True
ALL,ALL,LOCFE,2054,1.0153445202052596,NOT_AVAILABLE,1.0122572480256067,1.0153445202052596,20.0,True
ALL,ALL,LOCFE,2055,1.0153445202052596,NOT_AVAILABLE,1.0122572480256067,1.0153445202052596,20.0,True
ALL,ALL,LOCFE,2063,1.0153445202052596,NOT_AVAILABLE,1.0122572480256067,1.0153445202052596,20.0,True
ALL,ALL,LOCFE,2067,1.0153445202052596,NOT_AVAILABLE,1.0122572480256067,1.0153445202052596,20.0,True
ALL,ALL,LOCFE,2068,1.0153445202052596,NOT_AVAILABLE,1.0122572480256067,1.0153445202052596,20.0,True
ALL,ALL,LOCFE,2070,1.0153445202052596,NOT_AVAILABLE,1.0122572480256067,1.0153445202052596,20.0,True
ALL,ALL,LOCFE,2071,1.0153445202052596,NOT_AVAILABLE,1.0122572480256067,1.0153445202052596,20.0,True
ALL,ALL,LOCFE,2072,1.0153445202052596,NOT_AVAILABLE,1.0122572480256067,1.0153445202052596,20.0,True
ALL,ALL,LOCFE,2073,1.0153445202052596,NOT_AVAILABLE,1.0122572480256067,1.0153445202052596,20.0,True
ALL,ALL,LOCFE,2074,1.0153445202052596,NOT_AVAILABLE,1.0122572480256067,1.0153445202052596,20.0,True
ALL,ALL,LOCFE,2075,1.0153445202052596,NOT_AVAILABLE,1.0122572480256067,1.0153445202052596,20.0,True
ALL,ALL,LOCFE,2081,1.0153445202052596,NOT_AVAILABLE,1.0122572480256067,1.0153445202052596,20.0,True
ALL,ALL,LOCFE,2082,1.0153445202052596,NOT_AVAILABLE,1.0122572480256067,1.0153445202052596,20.0,True
ALL,ALL,LOCFE,2084,1.0153445202052596,NOT_AVAILABLE,1.0122572480256067,1.0153445202052596,20.0,True
ALL,ALL,LOCFE,2086,1.0153445202052596,NOT_AVAILABLE,1.0122572480256067,1.0153445202052596,20.0,True
ALL,ALL,LOCFE,2090,1.0153445202052596,NOT_AVAILABLE,1.0122572480256067,1.0153445202052596,20.0,True
ALL,ALL,LOCFE,2093,1.0153445202052596,NOT_AVAILABLE,1.0122572480256067,1.0153445202052596,20.0,True
ALL,ALL,LOCFE,2094,1.0153445202052596,NOT_AVAILABLE,1.0122572480256067,1.0153445202052596,20.0,True
ALL,ALL,LOCFE,2095,1.0153445202052596,NOT_AVAILABLE,1.0122572480256067,1.0153445202052596,20.0,True
ALL,ALL,LOCFE,2098,1.0153445202052596,NOT_AVAILABLE,1.0122572480256067,1.0153445202052596,20.0,True
ALL,ALL,LOCFE,2101,1.0153445202052596,NOT_AVAILABLE,1.0122572480256067,1.0153445202052596,20.0,True
ALL,ALL,LOCFE,2103,1.0153445202052596,NOT_AVAILABLE,1.0122572480256067,1.0153445202052596,20.0,True
ALL,ALL,LOCFE,2107,1.0153445202052596,NOT_AVAILABLE,1.0122572480256067,1.0153445202052596,20.0,True
ALL,ALL,LOCFE,2108,1.0153445202052596,NOT_AVAILABLE,1.0122572480256067,1.0153445202052596,20.0,True
ALL,ALL,LOCFE,2110,1.0153445202052596,NOT_AVAILABLE,1.0122572480256067,1.0153445202052596,20.0,True
ALL,ALL,LOCFE,2112,1.0153445202052596,NOT_AVAILABLE,1.0122572480256067,1.0153445202052596,20.0,True
ALL,ALL,LOCFE,2114,1.0153445202052596,NOT_AVAILABLE,1.0122572480256067,1.0153445202052596,20.0,True
ALL,ALL,LOCFE,2120,1.0153445202052596,NOT_AVAILABLE,1.0122572480256067,1.0153445202052596,20.0,True
ALL,ALL,LOCFE,2122,1.0153445202052596,NOT_AVAILABLE,1.0122572480256067,1.0153445202052596,20.0,True
ALL,ALL,LOCFE,2130,1.0153445202052596,NOT_AVAILABLE,1.0122572480256067,1.0153445202052596,20.0,True
ALL,ALL,LOCFE,2131,1.0153445202052596,NOT_AVAILABLE,1.0122572480256067,1.0153445202052596,20.0,True
ALL,ALL,LOCFE,2135,1.0153445202052596,NOT_AVAILABLE,1.0122572480256067,1.0153445202052596,20.0,True
ALL,ALL,LOCFE,2137,1.0153445202052596,NOT_AVAILABLE,1.0122572480256067,1.0153445202052596,20.0,True
ALL,ALL,LOCFE,2140,1.0153445202052596,NOT_AVAILABLE,1.0122572480256067,1.0153445202052596,20.0,True
ALL,ALL,LOCFE,2141,1.0153445202052596,NOT_AVAILABLE,1.0122572480256067,1.0153445202052596,20.0,True
ALL,ALL,LOCFE,2142,1.0153445202052596,NOT_AVAILABLE,1.0122572480256067,1.0153445202052596,20.0,True
ALL,ALL,LOCFE,2143,1.0153445202052596,NOT_AVAILABLE,1.0122572480256067,1.0153445202052596,20.0,True
ALL,ALL,LOCFE,2148,1.0153445202052596,NOT_AVAILABLE,1.0122572480256067,1.0153445202052596,20.0,True
ALL,ALL,LOCFE,2152,1.0153445202052596,NOT_AVAILABLE,1.0122572480256067,1.0153445202052596,20.0,True
ALL,ALL,LOCFE,2155,1.0153445202052596,NOT_AVAILABLE,1.0122572480256067,1.0153445202052596,20.0,True
ALL,ALL,LOCFE,2156,1.0153445202052596,NOT_AVAILABLE,1.0122572480256067,1.0153445202052596,20.0,True
ALL,ALL,LOCFE,2159,1.0153445202052596,NOT_AVAILABLE,1.0122572480256067,1.0153445202052596,20.0,True
ALL,ALL,LOCFE,2163,1.0153445202052596,NOT_AVAILABLE,1.0122572480256067,1.0153445202052596,20.0,True
ALL,ALL,LOCFE,2164,1.0153445202052596,NOT_AVAILABLE,1.0122572480256067,1.0153445202052596,20.0,True
ALL,ALL,LOCFE,2166,1.0153445202052596,NOT_AVAILABLE,1.0122572480256067,1.0153445202052596,20.0,True
ALL,ALL,LOCFE,2167,1.0153445202052596,NOT_AVAILABLE,1.0122572480256067,1.0153445202052596,20.0,True
ALL,ALL,LOCFE,2171,1.0153445202052596,NOT_AVAILABLE,1.0122572480256067,1.0153445202052596,20.0,True
ALL,ALL,LOCFE,2173,1.0153445202052596,NOT_AVAILABLE,1.0122572480256067,1.0153445202052596,20.0,True
ALL,ALL,LOCFE,2175,1.0153445202052596,NOT_AVAILABLE,1.0122572480256067,1.0153445202052596,20.0,True
ALL,ALL,LOCFE,2179,1.0153445202052596,NOT_AVAILABLE,1.0122572480256067,1.0153445202052596,20.0,True
ALL,ALL,LOCFE,2181,1.0153445202052596,NOT_AVAILABLE,1.0122572480256067,1.0153445202052596,20.0,True
ALL,ALL,LOCFE,2182,1.0153445202052596,NOT_AVAILABLE,1.0122572480256067,1.0153445202052596,20.0,True
ALL,ALL,LOCFE,2184,1.0153445202052596,NOT_AVAILABLE,1.0122572480256067,1.0153445202052596,20.0,True
ALL,ALL,LOCFE,2186,1.0153445202052596,NOT_AVAILABLE,1.0122572480256067,1.0153445202052596,20.0,True
ALL,ALL,LOCFE,2192,1.0153445202052596,NOT_AVAILABLE,1.0122572480256067,1.0153445202052596,20.0,True
ALL,ALL,LOCFE,2193,1.0153445202052596,NOT_AVAILABLE,1.0122572480256067,1.0153445202052596,20.0,True
ALL,ALL,LOCFE,2196,1.0153445202052596,NOT_AVAILABLE,1.0122572480256067,1.0153445202052596,20.0,True
ALL,ALL,LOCFE,2201,1.0153445202052596,NOT_AVAILABLE,1.0122572480256067,1.0153445202052596,20.0,True
ALL,ALL,LOCFE,2206,1.0153445202052596,NOT_AVAILABLE,1.0122572480256067,1.0153445202052596,20.0,True
ALL,ALL,LOCFE,2208,1.0153445202052596,NOT_AVAILABLE,1.0122572480256067,1.0153445202052596,20.0,True
ALL,ALL,LOCFE,2209,1.0153445202052596,NOT_AVAILABLE,1.0122572480256067,1.0153445202052596,20.0,True
ALL,ALL,LOCFE,2210,1.0153445202052596,NOT_AVAILABLE,1.0122572480256067,1.0153445202052596,20.0,True
ALL,ALL,LOCFE,2211,1.0153445202052596,NOT_AVAILABLE,1.0122572480256067,1.0153445202052596,20.0,True
ALL,ALL,LOCFE,2213,1.0153445202052596,NOT_AVAILABLE,1.0122572480256067,1.0153445202052596,20.0,True
ALL,ALL,LOCFE,2217,1.0153445202052596,NOT_AVAILABLE,1.0122572480256067,1.0153445202052596,20.0,True
ALL,ALL,LOCFE,2218,1.0153445202052596,NOT_AVAILABLE,1.0122572480256067,1.0153445202052596,20.0,True
ALL,ALL,LOCFE,2219,1.0153445202052596,NOT_AVAILABLE,1.0122572480256067,1.0153445202052596,20.0,True
ALL,ALL,LOCFE,2220,1.0153445202052596,NOT_AVAILABLE,1.0122572480256067,1.0153445202052596,20.0,True
ALL,ALL,LOCFE,2224,1.0153445202052596,NOT_AVAILABLE,1.0122572480256067,1.0153445202052596,20.0,True
ALL,ALL,LOCFE,2228,1.0153445202052596,NOT_AVAILABLE,1.0122572480256067,1.0153445202052596,20.0,True
ALL,ALL,LOCFE,2230,1.0153445202052596,NOT_AVAILABLE,1.0122572480256067,1.0153445202052596,20.0,True
ALL,ALL,LOCFE,2231,1.0153445202052596,NOT_AVAILABLE,1.0122572480256067,1.0153445202052596,20.0,True
ALL,ALL,LOCFE,2236,1.0153445202052596,NOT_AVAILABLE,1.0122572480256067,1.0153445202052596,20.0,True
ALL,ALL,LOCFE,2237,1.0153445202052596,NOT_AVAILABLE,1.0122572480256067,1.0153445202052596,20.0,True
ALL,ALL,LOCFE,2241,1.0153445202052596,NOT_AVAILABLE,1.0122572480256067,1.0153445202052596,20.0,True
ALL,ALL,LOCFE,2242,1.0153445202052596,NOT_AVAILABLE,1.0122572480256067,1.0153445202052596,20.0,True
ALL,ALL,LOCFE,2245,1.0153445202052596,NOT_AVAILABLE,1.0122572480256067,1.0153445202052596,20.0,True
ALL,ALL,LOCFE,2250,1.0153445202052596,NOT_AVAILABLE,1.0122572480256067,1.0153445202052596,20.0,True
ALL,ALL,LOCFE,2252,1.0153445202052596,NOT_AVAILABLE,1.0122572480256067,1.0153445202052596,20.0,True
ALL,ALL,LOCFE,2254,1.0153445202052596,NOT_AVAILABLE,1.0122572480256067,1.0153445202052596,20.0,True
ALL,ALL,LOCFE,2256,1.0153445202052596,NOT_AVAILABLE,1.0122572480256067,1.0153445202052596,20.0,True
ALL,ALL,LOCFE,2257,1.0153445202052596,NOT_AVAILABLE,1.0122572480256067,1.0153445202052596,20.0,True
ALL,ALL,LOCFE,2258,1.0153445202052596,NOT_AVAILABLE,1.0122572480256067,1.0153445202052596,20.0,True
ALL,ALL,LOCFE,2260,1.0153445202052596,NOT_AVAILABLE,1.0122572480256067,1.0153445202052596,20.0,True
ALL,ALL,LOCFE,2261,1.0153445202052596,NOT_AVAILABLE,1.0122572480256067,1.0153445202052596,20.0,True
ALL,ALL,LOCFE,2263,1.0153445202052596,NOT_AVAILABLE,1.0122572480256067,1.0153445202052596,20.0,True
ALL,ALL,LOCFE,2264,1.0153445202052596,NOT_AVAILABLE,1.0122572480256067,1.0153445202052596,20.0,True
ALL,ALL,LOCFE,2266,1.0153445202052596,NOT_AVAILABLE,1.0122572480256067,1.0153445202052596,20.0,True
ALL,ALL,LOCFE,2267,1.0153445202052596,NOT_AVAILABLE,1.0122572480256067,1.0153445202052596,20.0,True
ALL,ALL,LOCFE,2269,1.0153445202052596,NOT_AVAILABLE,1.0122572480256067,1.0153445202052596,20.0,True
ALL,ALL,LOCFE,2275,1.0153445202052596,NOT_AVAILABLE,1.0122572480256067,1.0153445202052596,20.0,True
ALL,ALL,LOCFE,2279,1.0153445202052596,NOT_AVAILABLE,1.0122572480256067,1.0153445202052596,20.0,True
ALL,ALL,LOCFE,2284,1.0153445202052596,NOT_AVAILABLE,1.0122572480256067,1.0153445202052596,20.0,True
ALL,ALL,LOCFE,2285,1.0153445202052596,NOT_AVAILABLE,1.0122572480256067,1.0153445202052596,20.0,True
ALL,ALL,LOCFE,2286,1.0153445202052596,NOT_AVAILABLE,1.0122572480256067,1.0153445202052596,20.0,True
ALL,ALL,LOCFE,2291,1.0153445202052596,NOT_AVAILABLE,1.0122572480256067,1.0153445202052596,20.0,True
ALL,ALL,LOCFE,2292,1.0153445202052596,NOT_AVAILABLE,1.0122572480256067,1.0153445202052596,20.0,True
ALL,ALL,LOCFE,2296,1.0153445202052596,NOT_AVAILABLE,1.0122572480256067,1.0153445202052596,20.0,True
ALL,ALL,LOCFE,2297,1.0153445202052596,NOT_AVAILABLE,1.0122572480256067,1.0153445202052596,20.0,True
ALL,ALL,LOCFE,2298,1.0153445202052596,NOT_AVAILABLE,1.0122572480256067,1.0153445202052596,20.0,True
ALL,ALL,LOCFE,2299,1.0153445202052596,NOT_AVAILABLE,1.0122572480256067,1.0153445202052596,20.0,True
ALL,ALL,LOCFE,2300,1.0153445202052596,NOT_AVAILABLE,1.0122572480256067,1.0153445202052596,20.0,True
ALL,ALL,LOCFE,2302,1.0153445202052596,NOT_AVAILABLE,1.0122572480256067,1.0153445202052596,20.0,True
ALL,ALL,LOCFE,2304,1.0153445202052596,NOT_AVAILABLE,1.0122572480256067,1.0153445202052596,20.0,True
ALL,ALL,LOCFE,2310,1.0153445202052596,NOT_AVAILABLE,1.0122572480256067,1.0153445202052596,20.0,True
ALL,ALL,LOCFE,2311,1.0153445202052596,NOT_AVAILABLE,1.0122572480256067,1.0153445202052596,20.0,True
ALL,ALL,LOCFE,2314,1.0153445202052596,NOT_AVAILABLE,1.0122572480256067,1.0153445202052596,20.0,True
ALL,ALL,LOCFE,2315,1.0153445202052596,NOT_AVAILABLE,1.0122572480256067,1.0153445202052596,20.0,True
ALL,ALL,LOCFE,2317,1.0153445202052596,NOT_AVAILABLE,1.0122572480256067,1.0153445202052596,20.0,True
ALL,ALL,LOCFE,2318,1.0153445202052596,NOT_AVAILABLE,1.0122572480256067,1.0153445202052596,20.0,True
ALL,ALL,LOCFE,2319,1.0153445202052596,NOT_AVAILABLE,1.0122572480256067,1.0153445202052596,20.0,True
ALL,ALL,LOCFE,2325,1.0153445202052596,NOT_AVAILABLE,1.0122572480256067,1.0153445202052596,20.0,True
ALL,ALL,LOCFE,2326,1.0153445202052596,NOT_AVAILABLE,1.0122572480256067,1.0153445202052596,20.0,True
ALL,ALL,LOCFE,2328,1.0153445202052596,NOT_AVAILABLE,1.0122572480256067,1.0153445202052596,20.0,True
ALL,ALL,LOCFE,2329,1.0153445202052596,NOT_AVAILABLE,1.0122572480256067,1.0153445202052596,20.0,True
ALL,ALL,LOCFE,2332,1.0153445202052596,NOT_AVAILABLE,1.0122572480256067,1.0153445202052596,20.0,True
ALL,ALL,LOCFE,2334,1.0153445202052596,NOT_AVAILABLE,1.0122572480256067,1.0153445202052596,20.0,True
ALL,ALL,LOCFE,2336,1.0153445202052596,NOT_AVAILABLE,1.0122572480256067,1.0153445202052596,20.0,True
ALL,ALL,LOCFE,2344,1.0153445202052596,NOT_AVAILABLE,1.0122572480256067,1.0153445202052596,20.0,True
ALL,ALL,LOCFE,2346,1.0153445202052596,NOT_AVAILABLE,1.0122572480256067,1.0153445202052596,20.0,True
ALL,ALL,LOCFE,2347,1.0153445202052596,NOT_AVAILABLE,1.0122572480256067,1.0153445202052596,20.0,True
ALL,ALL,LOCFE,2348,1.0153445202052596,NOT_AVAILABLE,1.0122572480256067,1.0153445202052596,20.0,True
ALL,ALL,LOCFE,2349,1.0153445202052596,NOT_AVAILABLE,1.0122572480256067,1.0153445202052596,20.0,True
ALL,ALL,LOCFE,2350,1.0153445202052596,NOT_AVAILABLE,1.0122572480256067,1.0153445202052596,20.0,True
ALL,ALL,LOCFE,2351,1.0153445202052596,NOT_AVAILABLE,1.0138880386235702,1.0153445202052596,20.0,True
ALL,ALL,LOCFE,2352,1.0153445202052596,NOT_AVAILABLE,1.0138880386235702,1.0153445202052596,20.0,True
ALL,ALL,LOCFE,2361,1.0153445202052596,NOT_AVAILABLE,1.0138880386235702,1.0153445202052596,20.0,True
ALL,ALL,LOCFE,2364,1.0153445202052596,NOT_AVAILABLE,1.0138880386235702,1.0153445202052596,20.0,True
ALL,ALL,LOCFE,2365,1.0153445202052596,NOT_AVAILABLE,1.0138880386235702,1.0153445202052596,20.0,True
ALL,ALL,LOCFE,2366,1.0153445202052596,NOT_AVAILABLE,1.0138880386235702,1.0153445202052596,20.0,True
ALL,ALL,LOCFE,2368,1.0153445202052596,NOT_AVAILABLE,1.0138880386235702,1.0153445202052596,20.0,True
ALL,ALL,LOCFE,2372,1.0153445202052596,NOT_AVAILABLE,1.0138880386235702,1.0153445202052596,20.0,True
ALL,ALL,LOCFE,2375,1.0153445202052596,NOT_AVAILABLE,1.0138880386235702,1.0153445202052596,20.0,True
ALL,ALL,LOCFE,2377,1.0153445202052596,NOT_AVAILABLE,1.0138880386235702,1.0153445202052596,20.0,True
ALL,ALL,LOCFE,2379,1.0153445202052596,NOT_AVAILABLE,1.0138880386235702,1.0153445202052596,20.0,True
ALL,ALL,LOCFE,2380,1.0153445202052596,NOT_AVAILABLE,1.0138880386235702,1.0153445202052596,20.0,True
ALL,ALL,LOCFE,2381,1.0153445202052596,NOT_AVAILABLE,1.0138880386235702,1.0153445202052596,20.0,True
ALL,ALL,LOCFE,2384,1.0153445202052596,NOT_AVAILABLE,1.0138880386235702,1.0153445202052596,20.0,True
ALL,ALL,LOCFE,2385,1.0153445202052596,NOT_AVAILABLE,1.0138880386235702,1.0153445202052596,20.0,True
ALL,ALL,LOCFE,2387,1.0153445202052596,NOT_AVAILABLE,1.0138880386235702,1.0153445202052596,20.0,True
ALL,ALL,LOCFE,2388,1.0153445202052596,NOT_AVAILABLE,1.0138880386235702,1.0153445202052596,20.0,True
ALL,ALL,LOCFE,2395,1.0153445202052596,NOT_AVAILABLE,1.0138880386235702,1.0153445202052596,20.0,True
ALL,ALL,LOCFE,2397,1.0153445202052596,NOT_AVAILABLE,1.0138880386235702,1.0153445202052596,20.0,True
ALL,ALL,LOCFE,2398,1.0153445202052596,NOT_AVAILABLE,1.0138880386235702,1.0153445202052596,20.0,True
ALL,ALL,LOCFE,2399,1.0153445202052596,NOT_AVAILABLE,1.0138880386235702,1.0153445202052596,20.0,True
ALL,ALL,LOCFE,2400,1.0153445202052596,NOT_AVAILABLE,1.0138880386235702,1.0153445202052596,20.0,True
ALL,ALL,LOCFE,2401,1.0153445202052596,NOT_AVAILABLE,1.0138880386235702,1.0153445202052596,20.0,True
ALL,ALL,LOCFE,2406,1.0153445202052596,NOT_AVAILABLE,1.0138880386235702,1.0153445202052596,20.0,True
ALL,ALL,LOCFE,2408,1.0153445202052596,NOT_AVAILABLE,1.0138880386235702,1.0153445202052596,20.0,True
ALL,ALL,LOCFE,2410,1.0153445202052596,NOT_AVAILABLE,1.0138880386235702,1.0153445202052596,20.0,True
ALL,ALL,LOCFE,2413,1.0153445202052596,NOT_AVAILABLE,1.0138880386235702,1.0153445202052596,20.0,True
ALL,ALL,LOCFE,2414,1.0153445202052596,NOT_AVAILABLE,1.0138880386235702,1.0153445202052596,20.0,True
ALL,ALL,LOCFE,2416,1.0153445202052596,NOT_AVAILABLE,1.0138880386235702,1.0153445202052596,20.0,True
ALL,ALL,LOCFE,2417,1.0153445202052596,NOT_AVAILABLE,1.0138880386235702,1.0153445202052596,20.0,True
ALL,ALL,LOCFE,2418,1.0153445202052596,NOT_AVAILABLE,1.0138880386235702,1.0153445202052596,20.0,True
ALL,ALL,LOCFE,2419,1.0153445202052596,NOT_AVAILABLE,1.0138880386235702,1.0153445202052596,20.0,True
ALL,ALL,LOCFE,2425,1.0153445202052596,NOT_AVAILABLE,1.0138880386235702,1.0153445202052596,20.0,True
ALL,ALL,LOCFE,2426,1.0153445202052596,NOT_AVAILABLE,1.0138880386235702,1.0153445202052596,20.0,True
ALL,ALL,LOCFE,2430,1.0153445202052596,NOT_AVAILABLE,1.0138880386235702,1.0153445202052596,20.0,True
ALL,ALL,LOCFE,2431,1.0153445202052596,NOT_AVAILABLE,1.0138880386235702,1.0153445202052596,20.0,True
ALL,ALL,LOCFE,2432,1.0153445202052596,NOT_AVAILABLE,1.0138880386235702,1.0153445202052596,20.0,True
ALL,ALL,LOCFE,2435,1.0153445202052596,NOT_AVAILABLE,1.0138880386235702,1.0153445202052596,20.0,True
ALL,ALL,LOCFE,2437,1.0153445202052596,NOT_AVAILABLE,1.0138880386235702,1.0153445202052596,20.0,True
ALL,ALL,LOCFE,2439,1.0153445202052596,NOT_AVAILABLE,1.0138880386235702,1.0153445202052596,20.0,True
ALL,ALL,LOCFE,2441,1.0153445202052596,NOT_AVAILABLE,1.0138880386235702,1.0153445202052596,20.0,True
ALL,ALL,LOCFE,2446,1.0153445202052596,NOT_AVAILABLE,1.0138880386235702,1.0153445202052596,20.0,True
ALL,ALL,LOCFE,2448,1.0153445202052596,NOT_AVAILABLE,1.0138880386235702,1.0153445202052596,20.0,True
ALL,ALL,LOCFE,2450,1.0153445202052596,NOT_AVAILABLE,1.0151162990263343,1.0153445202052596,20.0,True
ALL,ALL,LOCFE,2454,1.0153445202052596,NOT_AVAILABLE,1.0153445202052596,1.0153445202052596,20.0,True
ALL,ALL,LOCFE,2457,1.0153445202052596,NOT_AVAILABLE,1.0153445202052596,1.0153445202052596,20.0,True
ALL,ALL,LOCFE,2458,1.0153445202052596,NOT_AVAILABLE,1.0153445202052596,1.0153445202052596,20.0,True
ALL,ALL,LOCFE,2459,1.0153445202052596,NOT_AVAILABLE,1.0153445202052596,1.0153445202052596,20.0,True
ALL,ALL,LOCFE,2460,1.0153445202052596,NOT_AVAILABLE,1.0153445202052596,1.0153445202052596,20.0,True
ALL,ALL,LOCFE,2461,1.0153445202052596,NOT_AVAILABLE,1.0153445202052596,1.0153445202052596,20.0,True
ALL,ALL,LOCFE,2462,1.0153445202052596,NOT_AVAILABLE,1.0153445202052596,1.0153445202052596,20.0,True
ALL,ALL,LOCFE,2466,1.0153445202052596,NOT_AVAILABLE,1.0153445202052596,1.0153445202052596,20.0,True
ALL,ALL,LOCFE,2467,1.0153445202052596,NOT_AVAILABLE,1.0153445202052596,1.0153445202052596,20.0,True
ALL,ALL,LOCFE,2469,1.0153445202052596,NOT_AVAILABLE,1.0153445202052596,1.0153445202052596,20.0,True
ALL,ALL,LOCFE,2470,1.0153445202052596,NOT_AVAILABLE,1.0153445202052596,1.0153445202052596,20.0,True
ALL,ALL,LOCFE,2472,1.0153445202052596,NOT_AVAILABLE,1.0153445202052596,1.0153445202052596,20.0,True
ALL,ALL,LOCFE,2474,1.0153445202052596,NOT_AVAILABLE,1.0153445202052596,1.0153445202052596,20.0,True
ALL,ALL,LOCFE,2475,1.0153445202052596,NOT_AVAILABLE,1.0153445202052596,1.0153445202052596,20.0,True
ALL,ALL,LOCFE,2476,1.0153445202052596,NOT_AVAILABLE,1.0153445202052596,1.0153445202052596,20.0,True
ALL,ALL,LOCFE,2481,1.0153445202052596,NOT_AVAILABLE,1.0153445202052596,1.0153445202052596,20.0,True
ALL,ALL,LOCFE,2482,1.0153445202052596,NOT_AVAILABLE,1.0153445202052596,1.0153445202052596,20.0,True
ALL,ALL,LOCFE,2483,1.0153445202052596,NOT_AVAILABLE,1.0153445202052596,1.0153445202052596,20.0,True
ALL,ALL,LOCFE,2484,1.0153445202052596,NOT_AVAILABLE,1.0153445202052596,1.0153445202052596,20.0,True
ALL,ALL,LOCFE,2488,1.0153445202052596,NOT_AVAILABLE,1.0153445202052596,1.0153445202052596,20.0,True
ALL,ALL,LOCFE,2490,1.0153445202052596,NOT_AVAILABLE,1.0153445202052596,1.0153445202052596,20.0,True
ALL,ALL,LOCFE,2498,1.0153445202052596,NOT_AVAILABLE,1.0153445202052596,1.0153445202052596,20.0,True
ALL,ALL,LOCFE,2499,1.0153445202052596,NOT_AVAILABLE,1.0153445202052596,1.0153445202052596,20.0,True
ALL,ALL,LOCFE,2501,1.0153445202052596,NOT_AVAILABLE,1.0153445202052596,1.0153445202052596,20.0,True
ALL,ALL,LOCFE,2503,1.0153445202052596,NOT_AVAILABLE,1.0153445202052596,1.0153445202052596,20.0,True
ALL,ALL,LOCFE,2504,1.0153445202052596,NOT_AVAILABLE,1.0153445202052596,1.0153445202052596,20.0,True
ALL,ALL,LOCFE,2505,1.0153445202052596,NOT_AVAILABLE,1.0153445202052596,1.0153445202052596,20.0,True
ALL,ALL,LOCFE,2507,1.0153445202052596,NOT_AVAILABLE,1.0153445202052596,1.0153445202052596,20.0,True
ALL,ALL,LOCFE,2508,1.0153445202052596,NOT_AVAILABLE,1.0153445202052596,1.0153445202052596,20.0,True
ALL,ALL,LOCFE,2512,1.0153445202052596,NOT_AVAILABLE,1.0153445202052596,1.0153445202052596,20.0,True
ALL,ALL,LOCFE,2513,1.0153445202052596,NOT_AVAILABLE,1.0153445202052596,1.0153445202052596,20.0,True
ALL,ALL,LOCFE,2516,1.0153445202052596,NOT_AVAILABLE,1.0153445202052596,1.0153445202052596,20.0,True
ALL,ALL,LOCFE,2517,1.0153445202052596,NOT_AVAILABLE,1.0153445202052596,1.0153445202052596,20.0,True
ALL,ALL,LOCFE,2518,1.0153445202052596,NOT_AVAILABLE,1.0153445202052596,1.0153445202052596,20.0,True
ALL,ALL,LOCFE,2519,1.0153445202052596,NOT_AVAILABLE,1.0153445202052596,1.0153445202052596,20.0,True
ALL,ALL,LOCFE,2524,1.0153445202052596,NOT_AVAILABLE,1.0153445202052596,1.0153445202052596,20.0,True
ALL,ALL,LOCFE,2527,1.0153445202052596,NOT_AVAILABLE,1.0153445202052596,1.0153445202052596,20.0,True
ALL,ALL,LOCFE,2528,1.0153445202052596,NOT_AVAILABLE,1.0153445202052596,1.0153445202052596,20.0,True
ALL,ALL,LOCFE,2529,1.0153445202052596,NOT_AVAILABLE,1.0153445202052596,1.0153445202052596,20.0,True
ALL,ALL,LOCFE,2530,1.0153445202052596,NOT_AVAILABLE,1.0153445202052596,1.0153445202052596,20.0,True
ALL,ALL,LOCFE,2532,1.0153445202052596,NOT_AVAILABLE,1.0153445202052596,1.0153445202052596,20.0,True
ALL,ALL,LOCFE,2533,1.0153445202052596,NOT_AVAILABLE,1.0153445202052596,1.0153445202052596,20.0,True
ALL,ALL,LOCFE,2537,1.0153445202052596,NOT_AVAILABLE,1.0153445202052596,1.0153445202052596,20.0,True
ALL,ALL,LOCFE,2538,1.0153445202052596,NOT_AVAILABLE,1.0153445202052596,1.0153445202052596,20.0,True
ALL,ALL,LOCFE,2540,1.0153445202052596,NOT_AVAILABLE,1.0153445202052596,1.0153445202052596,20.0,True
ALL,ALL,LOCFE,2541,1.0153445202052596,NOT_AVAILABLE,1.0153445202052596,1.0153445202052596,20.0,True
ALL,ALL,LOCFE,2546,1.0153445202052596,NOT_AVAILABLE,1.0153445202052596,1.0153445202052596,20.0,True
ALL,ALL,LOCFE,2547,1.0153445202052596,NOT_AVAILABLE,1.0153445202052596,1.0153445202052596,20.0,True
ALL,ALL,LOCFE,2550,1.0153445202052596,NOT_AVAILABLE,1.0153445202052596,1.0153445202052596,20.0,True
ALL,ALL,LOCFE,2551,1.0153445202052596,NOT_AVAILABLE,1.0153445202052596,1.0153445202052596,20.0,True
ALL,ALL,LOCFE,2554,1.0153445202052596,NOT_AVAILABLE,1.0153445202052596,1.0153445202052596,20.0,True
ALL,ALL,LOCFE,2555,1.0153445202052596,NOT_AVAILABLE,1.0153445202052596,1.0153445202052596,20.0,True
ALL,ALL,LOCFE,2556,1.0153445202052596,NOT_AVAILABLE,1.0153445202052596,1.0153445202052596,20.0,True
ALL,ALL,LOCFE,2557,1.0153445202052596,NOT_AVAILABLE,1.0153445202052596,1.0153445202052596,20.0,True
ALL,ALL,LOCFE,2558,1.0153445202052596,NOT_AVAILABLE,1.0153445202052596,1.0153445202052596,20.0,True
ALL,ALL,LOCFE,2560,1.0153445202052596,NOT_AVAILABLE,1.0153445202052596,1.0153445202052596,20.0,True
ALL,ALL,LOCFE,2563,1.0153445202052596,NOT_AVAILABLE,1.0153445202052596,1.0153445202052596,20.0,True
ALL,ALL,LOCFE,2565,1.0153445202052596,NOT_AVAILABLE,1.0153445202052596,1.0153445202052596,20.0,True
ALL,ALL,LOCFE,2569,1.0153445202052596,NOT_AVAILABLE,1.0153445202052596,1.0153445202052596,20.0,True
ALL,ALL,LOCFE,2570,1.0153445202052596,NOT_AVAILABLE,1.0153445202052596,1.0153445202052596,20.0,True
ALL,ALL,LOCFE,2571,1.0153445202052596,NOT_AVAILABLE,1.0153445202052596,1.0153445202052596,20.0,True
ALL,ALL,LOCFE,2576,1.0153445202052596,NOT_AVAILABLE,1.0153445202052596,1.0153445202052596,20.0,True
ALL,ALL,LOCFE,2579,1.0153445202052596,NOT_AVAILABLE,1.0153445202052596,1.0153445202052596,20.0,True
ALL,ALL,LOCFE,2580,1.0153445202052596,NOT_AVAILABLE,1.0153445202052596,1.0153445202052596,20.0,True
ALL,ALL,LOCFE,2581,1.0153445202052596,NOT_AVAILABLE,1.0153445202052596,1.0153445202052596,20.0,True
ALL,ALL,LOCFE,2582,1.0153445202052596,NOT_AVAILABLE,1.0153445202052596,1.0153445202052596,20.0,True
ALL,ALL,LOCFE,2585,1.0153445202052596,NOT_AVAILABLE,1.0153445202052596,1.0153445202052596,20.0,True
ALL,ALL,LOCFE,2587,1.0153445202052596,NOT_AVAILABLE,1.0153445202052596,1.0153445202052596,20.0,True
ALL,ALL,LOCFE,2588,1.0153445202052596,NOT_AVAILABLE,1.0153445202052596,1.0153445202052596,20.0,True
ALL,ALL,LOCFE,2590,1.0153445202052596,NOT_AVAILABLE,1.0153445202052596,1.0153445202052596,20.0,True
ALL,ALL,LOCFE,2591,1.0153445202052596,NOT_AVAILABLE,1.0153445202052596,1.0153445202052596,20.0,True
ALL,ALL,LOCFE,2592,1.0153445202052596,NOT_AVAILABLE,1.0153445202052596,1.0153445202052596,20.0,True
ALL,ALL,LOCFE,2594,1.0153445202052596,NOT_AVAILABLE,1.0153445202052596,1.0153445202052596,20.0,True
ALL,ALL,LOCFE,2596,1.0153445202052596,NOT_AVAILABLE,1.0153445202052596,1.0153445202052596,20.0,True
ALL,ALL,LOCFE,2600,1.0153445202052596,NOT_AVAILABLE,1.0153445202052596,1.0153445202052596,20.0,True
ALL,ALL,LOCFE,2603,1.0153445202052596,NOT_AVAILABLE,1.0153445202052596,1.0153445202052596,20.0,True
ALL,ALL,LOCFE,2604,1.0153445202052596,NOT_AVAILABLE,1.0153445202052596,1.0153445202052596,20.0,True
ALL,ALL,LOCFE,2608,1.0153445202052596,NOT_AVAILABLE,1.0153445202052596,1.0153445202052596,20.0,True
ALL,ALL,LOCFE,2609,1.0153445202052596,NOT_AVAILABLE,1.0153445202052596,1.0153445202052596,20.0,True
ALL,ALL,LOCFE,2611,1.0153445202052596,NOT_AVAILABLE,1.0153445202052596,1.0153445202052596,20.0,True
ALL,ALL,LOCFE,2612,1.0153445202052596,NOT_AVAILABLE,1.0153445202052596,1.0153445202052596,20.0,True
ALL,ALL,LOCFE,2613,1.0153445202052596,NOT_AVAILABLE,1.0153445202052596,1.0153445202052596,20.0,True
ALL,ALL,LOCFE,2615,1.0153445202052596,NOT_AVAILABLE,1.0153445202052596,1.0153445202052596,20.0,True
ALL,ALL,LOCFE,2616,1.0153445202052596,NOT_AVAILABLE,1.0153445202052596,1.0153445202052596,20.0,True
ALL,ALL,LOCFE,2620,1.0153445202052596,NOT_AVAILABLE,1.0153445202052596,1.0153445202052596,20.0,True
ALL,ALL,LOCFE,2623,1.0153445202052596,NOT_AVAILABLE,1.0153445202052596,1.0153445202052596,20.0,True
ALL,ALL,LOCFE,2624,1.0153445202052596,NOT_AVAILABLE,1.0153445202052596,1.0153445202052596,20.0,True
ALL,ALL,LOCFE,2625,1.0153445202052596,NOT_AVAILABLE,1.0153445202052596,1.0153445202052596,20.0,True
ALL,ALL,LOCFE,2626,1.0153445202052596,NOT_AVAILABLE,1.0153445202052596,1.0153445202052596,20.0,True
ALL,ALL,LOCFE,2630,1.0153445202052596,NOT_AVAILABLE,1.0153445202052596,1.0153445202052596,20.0,True
ALL,ALL,LOCFE,2632,1.0153445202052596,NOT_AVAILABLE,1.0153445202052596,1.0153445202052596,20.0,True
ALL,ALL,LOCFE,2635,1.0153445202052596,NOT_AVAILABLE,1.0153445202052596,1.0153445202052596,20.0,True
ALL,ALL,LOCFE,2636,1.0153445202052596,NOT_AVAILABLE,1.0153445202052596,1.0153445202052596,20.0,True
ALL,ALL,LOCFE,2637,1.0153445202052596,NOT_AVAILABLE,1.0153445202052596,1.0153445202052596,20.0,True
ALL,ALL,LOCFE,2639,1.0153445202052596,NOT_AVAILABLE,1.0153445202052596,1.0153445202052596,20.0,True
ALL,ALL,LOCFE,2641,1.0153445202052596,NOT_AVAILABLE,1.0153445202052596,1.0153445202052596,20.0,True
ALL,ALL,LOCFE,2642,1.0153445202052596,NOT_AVAILABLE,1.0153445202052596,1.0153445202052596,20.0,True
ALL,ALL,LOCFE,2643,1.0153445202052596,NOT_AVAILABLE,1.0153445202052596,1.0153445202052596,20.0,True
ALL,ALL,LOCFE,2646,1.0153445202052596,NOT_AVAILABLE,1.0153445202052596,1.0153445202052596,20.0,True
ALL,ALL,LOCFE,2649,1.0153445202052596,NOT_AVAILABLE,1.0153445202052596,1.0153445202052596,20.0,True
ALL,ALL,LOCFE,2651,1.0153445202052596,NOT_AVAILABLE,1.0153445202052596,1.0153445202052596,20.0,True
ALL,ALL,LOCFE,2652,1.0153445202052596,NOT_AVAILABLE,1.0153445202052596,1.0153445202052596,20.0,True
ALL,ALL,LOCFE,2654,1.0153445202052596,NOT_AVAILABLE,1.0153445202052596,1.0153445202052596,20.0,True
ALL,ALL,LOCFE,2656,1.0153445202052596,NOT_AVAILABLE,1.0153445202052596,1.0153445202052596,20.0,True
ALL,ALL,LOCFE,2657,1.0153445202052596,NOT_AVAILABLE,1.0153445202052596,1.0153445202052596,20.0,True
ALL,ALL,LOCFE,2659,1.0153445202052596,NOT_AVAILABLE,1.0153445202052596,1.0153445202052596,20.0,True
ALL,ALL,LOCFE,2660,1.0153445202052596,NOT_AVAILABLE,1.0153445202052596,1.0153445202052596,20.0,True
ALL,ALL,LOCFE,2661,1.0153445202052596,NOT_AVAILABLE,1.0153445202052596,1.0153445202052596,20.0,True
ALL,ALL,LOCFE,2662,1.0153445202052596,NOT_AVAILABLE,1.0153445202052596,1.0153445202052596,20.0,True
ALL,ALL,LOCFE,2664,1.0153445202052596,NOT_AVAILABLE,1.0153445202052596,1.0153445202052596,20.0,True
ALL,ALL,LOCFE,2666,1.0153445202052596,NOT_AVAILABLE,1.0153445202052596,1.0153445202052596,20.0,True
ALL,ALL,LOCFE,2669,1.0153445202052596,NOT_AVAILABLE,1.0153445202052596,1.0153445202052596,20.0,True
ALL,ALL,LOCFE,2671,1.0153445202052596,NOT_AVAILABLE,1.0153445202052596,1.0153445202052596,20.0,True
ALL,ALL,LOCFE,2674,1.0153445202052596,NOT_AVAILABLE,1.0153445202052596,1.0153445202052596,20.0,True
ALL,ALL,LOCFE,2675,1.0153445202052596,NOT_AVAILABLE,1.0153445202052596,1.0153445202052596,20.0,True
ALL,ALL,LOCFE,2676,1.0153445202052596,NOT_AVAILABLE,1.0153445202052596,1.0153445202052596,20.0,True
ALL,ALL,LOCFE,2677,1.0153445202052596,NOT_AVAILABLE,1.0153445202052596,1.0153445202052596,20.0,True
ALL,ALL,LOCFE,2678,1.0153445202052596,NOT_AVAILABLE,1.0153445202052596,1.0153445202052596,20.0,True
ALL,ALL,LOCFE,2681,1.0153445202052596,NOT_AVAILABLE,1.0153445202052596,1.0153445202052596,20.0,True
ALL,ALL,LOCFE,2682,1.0153445202052596,NOT_AVAILABLE,1.0153445202052596,1.0153445202052596,20.0,True
ALL,ALL,LOCFE,2683,1.0153445202052596,NOT_AVAILABLE,1.0153445202052596,1.0153445202052596,20.0,True
ALL,ALL,LOCFE,2685,1.0153445202052596,NOT_AVAILABLE,1.0153445202052596,1.0153445202052596,20.0,True
ALL,ALL,LOCFE,2686,1.0153445202052596,NOT_AVAILABLE,1.0153445202052596,1.0153445202052596,20.0,True
ALL,ALL,LOCFE,2687,1.0153445202052596,NOT_AVAILABLE,1.0153445202052596,1.0153445202052596,20.0,True
ALL,ALL,LOCFE,2688,1.0153445202052596,NOT_AVAILABLE,1.0153445202052596,1.0153445202052596,20.0,True
ALL,ALL,LOCFE,2690,1.0153445202052596,NOT_AVAILABLE,1.0153445202052596,1.0153445202052596,20.0,True
ALL,ALL,LOCFE,2694,1.0153445202052596,NOT_AVAILABLE,1.0153445202052596,1.0153445202052596,20.0,True
ALL,ALL,LOCFE,2698,1.0153445202052596,NOT_AVAILABLE,1.0153445202052596,1.0153445202052596,20.0,True
ALL,ALL,LOCFE,2700,1.0153445202052596,NOT_AVAILABLE,1.0153445202052596,1.0153445202052596,20.0,True
ALL,ALL,LOCFE,2701,1.0153445202052596,NOT_AVAILABLE,1.0153445202052596,1.0153445202052596,20.0,True
ALL,ALL,LOCFE,2702,1.0153445202052596,NOT_AVAILABLE,1.0153445202052596,1.0153445202052596,20.0,True
ALL,ALL,LOCFE,2703,1.0153445202052596,NOT_AVAILABLE,1.0153445202052596,1.0153445202052596,20.0,True
ALL,ALL,LOCFE,2705,1.0153445202052596,NOT_AVAILABLE,1.0153445202052596,1.0153445202052596,20.0,True
ALL,ALL,LOCFE,2706,1.0153445202052596,NOT_AVAILABLE,1.0153445202052596,1.0153445202052596,20.0,True
ALL,ALL,LOCFE,2708,1.0153445202052596,NOT_AVAILABLE,1.0153445202052596,1.0153445202052596,20.0,True
ALL,ALL,LOCFE,2709,1.0153445202052596,NOT_AVAILABLE,1.0153445202052596,1.0153445202052596,20.0,True
ALL,ALL,LOCFE,2710,1.0153445202052596,NOT_AVAILABLE,1.0153445202052596,1.0153445202052596,20.0,True
ALL,ALL,LOCFE,2711,1.0153445202052596,NOT_AVAILABLE,1.0153445202052596,1.0153445202052596,20.0,True
ALL,ALL,LOCFE,2712,1.0153445202052596,NOT_AVAILABLE,1.0153445202052596,1.0153445202052596,20.0,True
ALL,ALL,LOCFE,2715,1.0153445202052596,NOT_AVAILABLE,1.0153445202052596,1.0153445202052596,20.0,True
ALL,ALL,LOCFE,2716,1.0153445202052596,NOT_AVAILABLE,1.0153445202052596,1.0153445202052596,20.0,True
ALL,ALL,LOCFE,2717,1.0153445202052596,NOT_AVAILABLE,1.0153445202052596,1.0153445202052596,20.0,True
ALL,ALL,LOCFE,2719,1.0153445202052596,NOT_AVAILABLE,1.0153445202052596,1.0153445202052596,20.0,True
ALL,ALL,LOCFE,2720,1.0153445202052596,NOT_AVAILABLE,1.0153445202052596,1.0153445202052596,20.0,True
ALL,ALL,LOCFE,2721,1.0153445202052596,NOT_AVAILABLE,1.0153445202052596,1.0153445202052596,20.0,True
ALL,ALL,LOCFE,2725,1.0153445202052596,NOT_AVAILABLE,1.0153445202052596,1.0153445202052596,20.0,True
ALL,ALL,LOCFE,2727,1.0153445202052596,NOT_AVAILABLE,1.0153445202052596,1.0153445202052596,20.0,True
ALL,ALL,LOCFE,2728,1.0153445202052596,NOT_AVAILABLE,1.0153445202052596,1.0153445202052596,20.0,True
ALL,ALL,LOCFE,2729,1.0153445202052596,NOT_AVAILABLE,1.0153445202052596,1.0153445202052596,20.0,True
ALL,ALL,LOCFE,2730,1.0153445202052596,NOT_AVAILABLE,1.0153445202052596,1.0153445202052596,20.0,True
ALL,ALL,LOCFE,2733,1.0153445202052596,NOT_AVAILABLE,1.0153445202052596,1.0153445202052596,20.0,True
ALL,ALL,LOCFE,2734,1.0153445202052596,NOT_AVAILABLE,1.0153445202052596,1.0153445202052596,20.0,True
ALL,ALL,LOCFE,2735,1.0153445202052596,NOT_AVAILABLE,1.0153445202052596,1.0153445202052596,20.0,True
ALL,ALL,LOCFE,2737,1.0153445202052596,NOT_AVAILABLE,1.0153445202052596,1.0153445202052596,20.0,True
ALL,ALL,LOCFE,2738,1.0153445202052596,NOT_AVAILABLE,1.0153445202052596,1.0153445202052596,20.0,True
ALL,ALL,LOCFE,2739,1.0153445202052596,NOT_AVAILABLE,1.0153445202052596,1.0153445202052596,20.0,True
ALL,ALL,LOCFE,2740,1.0153445202052596,NOT_AVAILABLE,1.0153445202052596,1.0153445202052596,20.0,True
ALL,ALL,LOCFE,2741,1.0153445202052596,NOT_AVAILABLE,1.0153445202052596,1.0153445202052596,20.0,True
ALL,ALL,LOCFE,2742,1.0153445202052596,NOT_AVAILABLE,1.0153445202052596,1.0153445202052596,20.0,True
ALL,ALL,LOCFE,2743,1.0153445202052596,NOT_AVAILABLE,1.0153445202052596,1.0153445202052596,20.0,True
ALL,ALL,LOCFE,2745,1.0153445202052596,NOT_AVAILABLE,1.0153445202052596,1.0153445202052596,20.0,True
ALL,ALL,LOCFE,2748,1.0153445202052596,NOT_AVAILABLE,1.0153445202052596,1.0153445202052596,20.0,True
ALL,ALL,LOCFE,2750,1.0153445202052596,NOT_AVAILABLE,1.0153445202052596,1.0153445202052596,20.0,True
ALL,ALL,LOCFE,2751,1.0153445202052596,NOT_AVAILABLE,1.0153445202052596,1.0153445202052596,20.0,True
ALL,ALL,LOCFE,2753,1.0153445202052596,NOT_AVAILABLE,1.0153445202052596,1.0153445202052596,20.0,True
ALL,ALL,LOCFE,2754,1.0153445202052596,NOT_AVAILABLE,1.0153445202052596,1.0153445202052596,20.0,True
ALL,ALL,LOCFE,2755,1.0153445202052596,NOT_AVAILABLE,1.0153445202052596,1.0153445202052596,20.0,True
ALL,ALL,LOCFE,2756,1.0153445202052596,NOT_AVAILABLE,1.0153445202052596,1.0153445202052596,20.0,True
ALL,ALL,LOCFE,2757,1.0153445202052596,NOT_AVAILABLE,1.0153445202052596,1.0153445202052596,20.0,True
ALL,ALL,LOCFE,2758,1.0153445202052596,NOT_AVAILABLE,1.0153445202052596,1.0153445202052596,20.0,True
ALL,ALL,LOCFE,2760,1.0153445202052596,NOT_AVAILABLE,1.0153445202052596,1.0153445202052596,20.0,True
ALL,ALL,LOCFE,2761,1.0153445202052596,NOT_AVAILABLE,1.0153445202052596,1.0153445202052596,20.0,True
ALL,ALL,LOCFE,2764,1.0153445202052596,NOT_AVAILABLE,1.0153445202052596,1.0153445202052596,20.0,True
ALL,ALL,LOCFE,2767,1.0153445202052596,NOT_AVAILABLE,1.0153445202052596,1.0153445202052596,20.0,True
ALL,ALL,LOCFE,2768,1.0153445202052596,NOT_AVAILABLE,1.0153445202052596,1.0153445202052596,20.0,True
ALL,ALL,LOCFE,2770,1.0153445202052596,NOT_AVAILABLE,1.0153445202052596,1.0153445202052596,20.0,True
ALL,ALL,LOCFE,2772,1.0153445202052596,NOT_AVAILABLE,1.0153445202052596,1.0153445202052596,20.0,True
ALL,ALL,LOCFE,2775,1.0153445202052596,NOT_AVAILABLE,1.0153445202052596,1.0153445202052596,20.0,True
ALL,ALL,LOCFE,2776,1.0153445202052596,NOT_AVAILABLE,1.0153445202052596,1.0153445202052596,20.0,True
ALL,ALL,LOCFE,2778,1.0153445202052596,NOT_AVAILABLE,1.0153445202052596,1.0153445202052596,20.0,True
ALL,ALL,LOCFE,2779,1.0153445202052596,NOT_AVAILABLE,1.0153445202052596,1.0153445202052596,20.0,True
ALL,ALL,LOCFE,2780,1.0153445202052596,NOT_AVAILABLE,1.0153445202052596,1.0153445202052596,20.0,True
ALL,ALL,LOCFE,2783,1.0153445202052596,NOT_AVAILABLE,1.0153445202052596,1.0153445202052596,20.0,True
ALL,ALL,LOCFE,2785,1.0153445202052596,NOT_AVAILABLE,1.0153445202052596,1.0153445202052596,20.0,True
ALL,ALL,LOCFE,2786,1.0153445202052596,NOT_AVAILABLE,1.0153445202052596,1.0153445202052596,20.0,True
ALL,ALL,LOCFE,2788,1.0153445202052596,NOT_AVAILABLE,1.0153445202052596,1.0153445202052596,20.0,True
ALL,ALL,LOCFE,2790,1.0153445202052596,NOT_AVAILABLE,1.0153445202052596,1.0153445202052596,20.0,True
ALL,ALL,LOCFE,2791,1.0153445202052596,NOT_AVAILABLE,1.0153445202052596,1.0153445202052596,20.0,True
ALL,ALL,LOCFE,2793,1.0153445202052596,NOT_AVAILABLE,1.0153445202052596,1.0153445202052596,20.0,True
ALL,ALL,LOCFE,2794,1.0153445202052596,NOT_AVAILABLE,1.0153445202052596,1.0153445202052596,20.0,True
ALL,ALL,LOCFE,2796,1.0153445202052596,NOT_AVAILABLE,1.0153445202052596,1.0153445202052596,20.0,True
ALL,ALL,LOCFE,2798,1.0153445202052596,NOT_AVAILABLE,1.0153445202052596,1.0153445202052596,20.0,True
ALL,ALL,LOCFE,2799,1.0153445202052596,NOT_AVAILABLE,1.0153445202052596,1.0153445202052596,20.0,True
ALL,ALL,LOCFE,2802,1.0153445202052596,NOT_AVAILABLE,1.0153445202052596,1.0153445202052596,20.0,True
ALL,ALL,LOCFE,2804,1.0153445202052596,NOT_AVAILABLE,1.0153445202052596,1.0153445202052596,20.0,True
ALL,ALL,LOCFE,2805,1.0153445202052596,NOT_AVAILABLE,1.0153445202052596,1.0153445202052596,20.0,True
ALL,ALL,LOCFE,2806,1.0153445202052596,NOT_AVAILABLE,1.0153445202052596,1.0153445202052596,20.0,True
ALL,ALL,LOCFE,2807,1.0153445202052596,NOT_AVAILABLE,1.0153445202052596,1.0153445202052596,20.0,True
ALL,ALL,LOCFE,2809,1.0153445202052596,NOT_AVAILABLE,1.0153445202052596,1.0153445202052596,20.0,True
ALL,ALL,LOCFE,2810,1.0153445202052596,NOT_AVAILABLE,1.0153445202052596,1.0153445202052596,20.0,True
ALL,ALL,LOCFE,2811,1.0153445202052596,NOT_AVAILABLE,1.0153445202052596,1.0153445202052596,20.0,True
ALL,ALL,LOCFE,2813,1.0153445202052596,NOT_AVAILABLE,1.0153445202052596,1.0153445202052596,20.0,True
ALL,ALL,LOCFE,2817,1.0153445202052596,NOT_AVAILABLE,1.0153445202052596,1.0153445202052596,20.0,True
ALL,ALL,LOCFE,2819,1.0153445202052596,NOT_AVAILABLE,1.0153445202052596,1.0153445202052596,20.0,True
ALL,ALL,LOCFE,2820,1.0153445202052596,NOT_AVAILABLE,1.0153445202052596,1.0153445202052596,20.0,True
ALL,ALL,LOCFE,2821,1.0153445202052596,NOT_AVAILABLE,1.0153445202052596,1.0153445202052596,20.0,True
ALL,ALL,LOCFE,2822,1.0153445202052596,NOT_AVAILABLE,1.0153445202052596,1.0153445202052596,20.0,True
ALL,ALL,LOCFE,2823,1.0153445202052596,NOT_AVAILABLE,1.0153445202052596,1.0153445202052596,20.0,True
ALL,ALL,LOCFE,2825,1.0153445202052596,NOT_AVAILABLE,1.0153445202052596,1.0153445202052596,20.0,True
ALL,ALL,LOCFE,2826,1.0153445202052596,NOT_AVAILABLE,1.0153445202052596,1.0153445202052596,20.0,True
ALL,ALL,LOCFE,2827,1.0153445202052596,NOT_AVAILABLE,1.0153445202052596,1.0153445202052596,20.0,True
ALL,ALL,LOCFE,2829,1.0153445202052596,NOT_AVAILABLE,1.0153445202052596,1.0153445202052596,20.0,True
ALL,ALL,LOCFE,2830,1.0153445202052596,NOT_AVAILABLE,1.0153445202052596,1.0153445202052596,20.0,True
ALL,ALL,LOCFE,2831,1.0153445202052596,NOT_AVAILABLE,1.0153445202052596,1.0153445202052596,20.0,True
ALL,ALL,LOCFE,2832,1.0153445202052596,NOT_AVAILABLE,1.0153445202052596,1.0153445202052596,20.0,True
ALL,ALL,LOCFE,2833,1.0153445202052596,NOT_AVAILABLE,1.0153445202052596,1.0153445202052596,20.0,True
ALL,ALL,LOCFE,2834,1.0153445202052596,NOT_AVAILABLE,1.0153445202052596,1.0153445202052596,20.0,True
ALL,ALL,LOCFE,2839,1.0153445202052596,NOT_AVAILABLE,1.0153445202052596,1.0153445202052596,20.0,True
ALL,ALL,LOCFE,2840,1.0153445202052596,NOT_AVAILABLE,1.0153445202052596,1.0153445202052596,20.0,True
ALL,ALL,LOCFE,2843,1.0153445202052596,NOT_AVAILABLE,1.0153445202052596,1.0153445202052596,20.0,True
ALL,ALL,LOCFE,2844,1.0153445202052596,NOT_AVAILABLE,1.0153445202052596,1.0153445202052596,20.0,True
ALL,ALL,LOCFE,2845,1.0153445202052596,NOT_AVAILABLE,1.0153445202052596,1.0153445202052596,20.0,True
ALL,ALL,LOCFE,2847,1.0153445202052596,NOT_AVAILABLE,1.0153445202052596,1.0153445202052596,20.0,True
ALL,ALL,LOCFE,2848,1.0153445202052596,NOT_AVAILABLE,1.0153445202052596,1.0153445202052596,20.0,True
ALL,ALL,LOCFE,2849,1.0153445202052596,NOT_AVAILABLE,1.0153445202052596,1.0153445202052596,20.0,True
ALL,ALL,LOCFE,2850,1.0153445202052596,NOT_AVAILABLE,1.0153445202052596,1.0153445202052596,20.0,True
ALL,ALL,LOCFE,2852,1.0153445202052596,NOT_AVAILABLE,1.0153445202052596,1.0153445202052596,20.0,True
ALL,ALL,LOCFE,2854,1.0153445202052596,NOT_AVAILABLE,1.0153445202052596,1.0153445202052596,20.0,True
ALL,ALL,LOCFE,2856,1.0153445202052596,NOT_AVAILABLE,1.0153445202052596,1.0153445202052596,20.0,True
ALL,ALL,LOCFE,2858,1.0153445202052596,NOT_AVAILABLE,1.0153445202052596,1.0153445202052596,20.0,True
ALL,ALL,LOCFE,2859,1.0153445202052596,NOT_AVAILABLE,1.0153445202052596,1.0153445202052596,20.0,True
ALL,ALL,LOCFE,2861,1.0153445202052596,NOT_AVAILABLE,1.0153445202052596,1.0153445202052596,20.0,True
ALL,ALL,LOCFE,2863,1.0153445202052596,NOT_AVAILABLE,1.0153445202052596,1.0153445202052596,20.0,True
ALL,ALL,LOCFE,2864,1.0153445202052596,NOT_AVAILABLE,1.0153445202052596,1.0153445202052596,20.0,True
ALL,ALL,LOCFE,2866,1.0153445202052596,NOT_AVAILABLE,1.0153445202052596,1.0153445202052596,20.0,True
ALL,ALL,LOCFE,2867,1.0153445202052596,NOT_AVAILABLE,1.0153445202052596,1.0153445202052596,20.0,True
ALL,ALL,LOCFE,2869,1.0153445202052596,NOT_AVAILABLE,1.0153445202052596,1.0153445202052596,20.0,True
ALL,ALL,LOCFE,2870,1.0153445202052596,NOT_AVAILABLE,1.0153445202052596,1.0153445202052596,20.0,True
ALL,ALL,LOCFE,2871,1.0153445202052596,NOT_AVAILABLE,1.0153445202052596,1.0153445202052596,20.0,True
ALL,ALL,LOCFE,2874,1.0153445202052596,NOT_AVAILABLE,1.0153445202052596,1.0153445202052596,20.0,True
ALL,ALL,LOCFE,2875,1.0153445202052596,NOT_AVAILABLE,1.0153445202052596,1.0153445202052596,20.0,True
ALL,ALL,LOCFE,2876,1.0153445202052596,NOT_AVAILABLE,1.0153445202052596,1.0153445202052596,20.0,True
ALL,ALL,LOCFE,2877,1.0153445202052596,NOT_AVAILABLE,1.0153445202052596,1.0153445202052596,20.0,True
ALL,ALL,LOCFE,2879,1.0153445202052596,NOT_AVAILABLE,1.0153445202052596,1.0153445202052596,20.0,True
ALL,ALL,LOCFE,2880,1.0153445202052596,NOT_AVAILABLE,1.0153445202052596,1.0153445202052596,20.0,True
ALL,ALL,LOCFE,2881,1.0153445202052596,NOT_AVAILABLE,1.0153445202052596,1.0153445202052596,20.0,True
ALL,ALL,LOCFE,2882,1.0153445202052596,NOT_AVAILABLE,1.0153445202052596,1.0153445202052596,20.0,True
ALL,ALL,LOCFE,2885,1.0153445202052596,NOT_AVAILABLE,1.0153445202052596,1.0153445202052596,20.0,True
ALL,ALL,LOCFE,2886,1.0153445202052596,NOT_AVAILABLE,1.0153445202052596,1.0153445202052596,20.0,True
ALL,ALL,LOCFE,2888,1.0153445202052596,NOT_AVAILABLE,1.0153445202052596,1.0153445202052596,20.0,True
ALL,ALL,LOCFE,2891,1.0153445202052596,NOT_AVAILABLE,1.0153445202052596,1.0153445202052596,20.0,True
ALL,ALL,LOCFE,2892,1.0153445202052596,NOT_AVAILABLE,1.0153445202052596,1.0153445202052596,20.0,True
ALL,ALL,LOCFE,2893,1.0153445202052596,NOT_AVAILABLE,1.0153445202052596,1.0153445202052596,20.0,True
ALL,ALL,LOCFE,2895,1.0153445202052596,NOT_AVAILABLE,1.0153445202052596,1.0153445202052596,20.0,True
ALL,ALL,LOCFE,2896,1.0153445202052596,NOT_AVAILABLE,1.0153445202052596,1.0153445202052596,20.0,True
ALL,ALL,LOCFE,2897,1.0153445202052596,NOT_AVAILABLE,1.0153445202052596,1.0153445202052596,20.0,True
ALL,ALL,LOCFE,2898,1.0153445202052596,NOT_AVAILABLE,1.0153445202052596,1.0153445202052596,20.0,True
ALL,ALL,LOCFE,2900,1.0153445202052596,NOT_AVAILABLE,1.0153445202052596,1.0153445202052596,20.0,True
ALL,ALL,LOCFE,2901,1.0153445202052596,NOT_AVAILABLE,1.0153445202052596,1.0153445202052596,20.0,True
ALL,ALL,LOCFE,2903,1.0153445202052596,NOT_AVAILABLE,1.0153445202052596,1.0153445202052596,20.0,True
ALL,ALL,LOCFE,2904,1.0153445202052596,NOT_AVAILABLE,1.0153445202052596,1.0153445202052596,20.0,True
ALL,ALL,LOCFE,2905,1.0153445202052596,NOT_AVAILABLE,1.0153445202052596,1.0153445202052596,20.0,True
ALL,ALL,LOCFE,2906,1.0153445202052596,NOT_AVAILABLE,1.0153445202052596,1.0153445202052596,20.0,True
ALL,ALL,LOCFE,2907,1.0153445202052596,NOT_AVAILABLE,1.0153445202052596,1.0153445202052596,20.0,True
ALL,ALL,LOCFE,2910,1.0153445202052596,NOT_AVAILABLE,1.0153445202052596,1.0153445202052596,20.0,True
ALL,ALL,LOCFE,2911,1.0153445202052596,NOT_AVAILABLE,1.0153445202052596,1.0153445202052596,20.0,True
ALL,ALL,LOCFE,2912,1.0153445202052596,NOT_AVAILABLE,1.0153445202052596,1.0153445202052596,20.0,True
ALL,ALL,LOCFE,2913,1.0153445202052596,NOT_AVAILABLE,1.0153445202052596,1.0153445202052596,20.0,True
ALL,ALL,LOCFE,2914,1.0153445202052596,NOT_AVAILABLE,1.0153445202052596,1.0153445202052596,20.0,True
ALL,ALL,LOCFE,2915,1.0153445202052596,NOT_AVAILABLE,1.0153445202052596,1.0153445202052596,20.0,True
ALL,ALL,LOCFE,2916,1.0153445202052596,NOT_AVAILABLE,1.0153445202052596,1.0153445202052596,20.0,True
ALL,ALL,LOCFE,2917,1.0153445202052596,NOT_AVAILABLE,1.0153445202052596,1.0153445202052596,20.0,True
ALL,ALL,LOCFE,2920,1.0153445202052596,NOT_AVAILABLE,1.0153445202052596,1.0153445202052596,20.0,True
ALL,ALL,LOCFE,2921,1.0153445202052596,NOT_AVAILABLE,1.0153445202052596,1.0153445202052596,20.0,True
ALL,ALL,LOCFE,2922,1.0153445202052596,NOT_AVAILABLE,1.0153445202052596,1.0153445202052596,20.0,True
ALL,ALL,LOCFE,2923,1.0153445202052596,NOT_AVAILABLE,1.0153445202052596,1.0153445202052596,20.0,True
ALL,ALL,LOCFE,2924,1.0153445202052596,NOT_AVAILABLE,1.0153445202052596,1.0153445202052596,20.0,True
ALL,ALL,LOCFE,2927,1.0153445202052596,NOT_AVAILABLE,1.0153445202052596,1.0153445202052596,20.0,True
ALL,ALL,LOCFE,2928,1.0153445202052596,NOT_AVAILABLE,1.0153445202052596,1.0153445202052596,20.0,True
ALL,ALL,LOCFE,2929,1.0153445202052596,NOT_AVAILABLE,1.0153445202052596,1.0153445202052596,20.0,True
ALL,ALL,LOCFE,2931,1.0153445202052596,NOT_AVAILABLE,1.0153445202052596,1.0153445202052596,20.0,True
ALL,ALL,LOCFE,2933,1.0153445202052596,NOT_AVAILABLE,1.0153445202052596,1.0153445202052596,20.0,True
ALL,ALL,LOCFE,2935,1.0153445202052596,NOT_AVAILABLE,1.0153445202052596,1.0153445202052596,20.0,True
ALL,ALL,LOCFE,2937,1.0153445202052596,NOT_AVAILABLE,1.0153445202052596,1.0153445202052596,20.0,True
ALL,ALL,LOCFE,2938,1.0153445202052596,NOT_AVAILABLE,1.0153445202052596,1.0153445202052596,20.0,True
ALL,ALL,LOCFE,2939,1.0153445202052596,NOT_AVAILABLE,1.0153445202052596,1.0153445202052596,20.0,True
ALL,ALL,LOCFE,2940,1.0153445202052596,NOT_AVAILABLE,1.0153445202052596,1.0153445202052596,20.0,True
ALL,ALL,LOCFE,2941,1.0153445202052596,NOT_AVAILABLE,1.0153445202052596,1.0153445202052596,20.0,True
ALL,ALL,LOCFE,2942,1.0153445202052596,NOT_AVAILABLE,1.0153445202052596,1.0153445202052596,20.0,True
ALL,ALL,LOCFE,2944,1.0153445202052596,NOT_AVAILABLE,1.0153445202052596,1.0153445202052596,20.0,True
ALL,ALL,LOCFE,2946,1.0153445202052596,NOT_AVAILABLE,1.0153445202052596,1.0153445202052596,20.0,True
ALL,ALL,LOCFE,2947,1.0153445202052596,NOT_AVAILABLE,1.0153445202052596,1.0153445202052596,20.0,True
ALL,ALL,LOCFE,2948,1.0153445202052596,NOT_AVAILABLE,1.0153445202052596,1.0153445202052596,20.0,True
ALL,ALL,LOCFE,2949,1.0153445202052596,NOT_AVAILABLE,1.0153445202052596,1.0153445202052596,20.0,True
ALL,ALL,LOCFE,2950,1.0153445202052596,NOT_AVAILABLE,1.0153445202052596,1.0153445202052596,20.0,True
ALL,ALL,LOCFE,2951,1.0153445202052596,NOT_AVAILABLE,1.0153445202052596,1.0153445202052596,20.0,True
ALL,ALL,LOCFE,2952,1.0153445202052596,NOT_AVAILABLE,1.0153445202052596,1.0153445202052596,20.0,True
ALL,ALL,LOCFE,2954,1.0153445202052596,NOT_AVAILABLE,1.0153445202052596,1.0153445202052596,20.0,True
ALL,ALL,LOCFE,2955,1.0153445202052596,NOT_AVAILABLE,1.0153445202052596,1.0153445202052596,20.0,True
ALL,ALL,LOCFE,2956,1.0153445202052596,NOT_AVAILABLE,1.0153445202052596,1.0153445202052596,20.0,True
ALL,ALL,LOCFE,2957,1.0153445202052596,NOT_AVAILABLE,1.0153445202052596,1.0153445202052596,20.0,True
ALL,ALL,LOCFE,2958,1.0153445202052596,NOT_AVAILABLE,1.0153445202052596,1.0153445202052596,20.0,True
ALL,ALL,LOCFE,2959,1.0153445202052596,NOT_AVAILABLE,1.0153445202052596,1.0153445202052596,20.0,True
ALL,ALL,LOCFE,2960,1.0153445202052596,NOT_AVAILABLE,1.0153445202052596,1.0153445202052596,20.0,True
ALL,ALL,LOCFE,2961,1.0153445202052596,NOT_AVAILABLE,1.0153445202052596,1.0153445202052596,20.0,True
ALL,ALL,LOCFE,2962,1.0153445202052596,NOT_AVAILABLE,1.0153445202052596,1.0153445202052596,20.0,True
ALL,ALL,LOCFE,2963,1.0153445202052596,NOT_AVAILABLE,1.0153445202052596,1.0153445202052596,20.0,True
ALL,ALL,LOCFE,2965,1.0153445202052596,NOT_AVAILABLE,1.0153445202052596,1.0153445202052596,20.0,True
ALL,ALL,LOCFE,2966,1.0153445202052596,NOT_AVAILABLE,1.0153445202052596,1.0153445202052596,20.0,True
ALL,ALL,LOCFE,2967,1.0153445202052596,NOT_AVAILABLE,1.0153445202052596,1.0153445202052596,20.0,True
ALL,ALL,LOCFE,2968,1.0153445202052596,NOT_AVAILABLE,1.0153445202052596,1.0153445202052596,20.0,True
ALL,ALL,LOCFE,2969,1.0153445202052596,NOT_AVAILABLE,1.0153445202052596,1.0153445202052596,20.0,True
ALL,ALL,LOCFE,2970,1.0153445202052596,NOT_AVAILABLE,1.0153445202052596,1.0153445202052596,20.0,True
ALL,ALL,LOCFE,2972,1.0153445202052596,NOT_AVAILABLE,1.0153445202052596,1.0153445202052596,20.0,True
ALL,ALL,LOCFE,2974,1.0153445202052596,NOT_AVAILABLE,1.0153445202052596,1.0153445202052596,20.0,True
ALL,ALL,LOCFE,2975,1.0153445202052596,NOT_AVAILABLE,1.0153445202052596,1.0153445202052596,20.0,True
ALL,ALL,LOCFE,2976,1.0153445202052596,NOT_AVAILABLE,1.0153445202052596,1.0153445202052596,20.0,True
ALL,ALL,LOCFE,2977,1.0153445202052596,NOT_AVAILABLE,1.0153445202052596,1.0153445202052596,20.0,True
ALL,ALL,LOCFE,2978,1.0153445202052596,NOT_AVAILABLE,1.0153445202052596,1.0153445202052596,20.0,True
ALL,ALL,LOCFE,2979,1.0153445202052596,NOT_AVAILABLE,1.0153445202052596,1.0153445202052596,20.0,True
ALL,ALL,LOCFE,2981,1.0153445202052596,NOT_AVAILABLE,1.0153445202052596,1.0153445202052596,20.0,True
ALL,ALL,LOCFE,2983,1.0153445202052596,NOT_AVAILABLE,1.0153445202052596,1.0153445202052596,20.0,True
ALL,ALL,LOCFE,2985,1.0153445202052596,NOT_AVAILABLE,1.0153445202052596,1.0153445202052596,20.0,True
ALL,ALL,LOCFE,2986,1.0153445202052596,NOT_AVAILABLE,1.0153445202052596,1.0153445202052596,20.0,True
ALL,ALL,LOCFE,2987,1.0153445202052596,NOT_AVAILABLE,1.0153445202052596,1.0153445202052596,20.0,True
ALL,ALL,LOCFE,2988,1.0153445202052596,NOT_AVAILABLE,1.0153445202052596,1.0153445202052596,20.0,True
ALL,ALL,LOCFE,2989,1.0153445202052596,NOT_AVAILABLE,1.0153445202052596,1.0153445202052596,20.0,True
ALL,ALL,LOCFE,2990,1.0153445202052596,NOT_AVAILABLE,1.0153445202052596,1.0153445202052596,20.0,True
ALL,ALL,LOCFE,2992,1.0153445202052596,NOT_AVAILABLE,1.0153445202052596,1.0153445202052596,20.0,True
ALL,ALL,LOCFE,2993,1.0153445202052596,NOT_AVAILABLE,1.0153445202052596,1.0153445202052596,20.0,True
ALL,ALL,LOCFE,2994,1.0153445202052596,NOT_AVAILABLE,1.0153445202052596,1.0153445202052596,20.0,True
ALL,ALL,LOCFE,2999,1.0153445202052596,NOT_AVAILABLE,1.0153445202052596,1.0153445202052596,20.0,True
ALL,ALL,LOCFE,3000,1.0153445202052596,NOT_AVAILABLE,1.0153445202052596,1.0153445202052596,20.0,True
ALL,ALL,LOCFE,3002,1.0153445202052596,NOT_AVAILABLE,1.0153445202052596,1.0153445202052596,20.0,True
ALL,ALL,LOCFE,3003,1.0153445202052596,NOT_AVAILABLE,1.0153445202052596,1.0153445202052596,20.0,True
ALL,ALL,LOCFE,3005,1.0153445202052596,NOT_AVAILABLE,1.0153445202052596,1.0153445202052596,20.0,True
ALL,ALL,LOCFE,3006,1.0153445202052596,NOT_AVAILABLE,1.0153445202052596,1.0153445202052596,20.0,True
ALL,ALL,LOCFE,3007,1.0153445202052596,NOT_AVAILABLE,1.0153445202052596,1.0153445202052596,20.0,True
ALL,ALL,LOCFE,3008,1.0153445202052596,NOT_AVAILABLE,1.0153445202052596,1.0153445202052596,20.0,True
ALL,ALL,LOCFE,3010,1.0153445202052596,NOT_AVAILABLE,1.0153445202052596,1.0153445202052596,20.0,True
ALL,ALL,LOCFE,3011,1.0153445202052596,NOT_AVAILABLE,1.0153445202052596,1.0153445202052596,20.0,True
ALL,ALL,LOCFE,3013,1.0153445202052596,NOT_AVAILABLE,1.0153445202052596,1.0153445202052596,20.0,True
ALL,ALL,LOCFE,3014,1.0153445202052596,NOT_AVAILABLE,1.0153445202052596,1.0153445202052596,20.0,True
ALL,ALL,LOCFE,3015,1.0153445202052596,NOT_AVAILABLE,1.0153445202052596,1.0153445202052596,20.0,True
ALL,ALL,LOCFE,3016,1.0153445202052596,NOT_AVAILABLE,1.0153445202052596,1.0153445202052596,20.0,True
ALL,ALL,LOCFE,3017,1.0153445202052596,NOT_AVAILABLE,1.0153445202052596,1.0153445202052596,20.0,True
ALL,ALL,LOCFE,3019,1.0153445202052596,NOT_AVAILABLE,1.0153445202052596,1.0153445202052596,20.0,True
ALL,ALL,LOCFE,3020,1.0153445202052596,NOT_AVAILABLE,1.0153445202052596,1.0153445202052596,20.0,True
ALL,ALL,LOCFE,3021,1.0153445202052596,NOT_AVAILABLE,1.0153445202052596,1.0153445202052596,20.0,True
ALL,ALL,LOCFE,3022,1.0153445202052596,NOT_AVAILABLE,1.0153445202052596,1.0153445202052596,20.0,True
ALL,ALL,LOCFE,3023,1.0153445202052596,NOT_AVAILABLE,1.0153445202052596,1.0153445202052596,20.0,True
ALL,ALL,LOCFE,3024,1.0153445202052596,NOT_AVAILABLE,1.0153445202052596,1.0153445202052596,20.0,True
ALL,ALL,LOCFE,3025,1.0153445202052596,NOT_AVAILABLE,1.0153445202052596,1.0153445202052596,20.0,True
ALL,ALL,LOCFE,3026,1.0153445202052596,NOT_AVAILABLE,1.0153445202052596,1.0153445202052596,20.0,True
ALL,ALL,LOCFE,3027,1.0153445202052596,NOT_AVAILABLE,1.0153445202052596,1.0153445202052596,20.0,True
ALL,ALL,LOCFE,3028,1.0153445202052596,NOT_AVAILABLE,1.0153445202052596,1.0153445202052596,20.0,True
ALL,ALL,LOCFE,3029,1.0153445202052596,NOT_AVAILABLE,1.0153445202052596,1.0153445202052596,20.0,True
ALL,ALL,LOCFE,3030,1.0153445202052596,NOT_AVAILABLE,1.0153445202052596,1.0153445202052596,20.0,True
ALL,ALL,LOCFE,3031,1.0153445202052596,NOT_AVAILABLE,1.0153445202052596,1.0153445202052596,20.0,True
ALL,ALL,LOCFE,3032,1.0153445202052596,NOT_AVAILABLE,1.0153445202052596,1.0153445202052596,20.0,True
ALL,ALL,LOCFE,3033,1.0153445202052596,NOT_AVAILABLE,1.0153445202052596,1.0153445202052596,20.0,True
ALL,ALL,LOCFE,3035,1.0153445202052596,NOT_AVAILABLE,1.0153445202052596,1.0153445202052596,20.0,True
ALL,ALL,LOCFE,3036,1.0153445202052596,NOT_AVAILABLE,1.0153445202052596,1.0153445202052596,20.0,True
ALL,ALL,LOCFE,3037,1.0153445202052596,NOT_AVAILABLE,1.0153445202052596,1.0153445202052596,20.0,True
ALL,ALL,LOCFE,3038,1.0153445202052596,NOT_AVAILABLE,1.0153445202052596,1.0153445202052596,20.0,True
ALL,ALL,LOCFE,3039,1.0153445202052596,NOT_AVAILABLE,1.0153445202052596,1.0153445202052596,20.0,True
ALL,ALL,LOCFE,3040,1.0153445202052596,NOT_AVAILABLE,1.0153445202052596,1.0153445202052596,20.0,True
ALL,ALL,LOCFE,3041,1.0153445202052596,NOT_AVAILABLE,1.0153445202052596,1.0153445202052596,20.0,True
ALL,ALL,LOCFE,3042,1.0153445202052596,NOT_AVAILABLE,1.0153445202052596,1.0153445202052596,20.0,True
ALL,ALL,LOCFE,3043,1.0153445202052596,NOT_AVAILABLE,1.0153445202052596,1.0153445202052596,20.0,True
ALL,ALL,LOCFE,3045,1.0153445202052596,NOT_AVAILABLE,1.0153445202052596,1.0153445202052596,20.0,True
ALL,ALL,LOCFE,3046,1.0153445202052596,NOT_AVAILABLE,1.0153445202052596,1.0153445202052596,20.0,True
ALL,ALL,LOCFE,3047,1.0153445202052596,NOT_AVAILABLE,1.0153445202052596,1.0153445202052596,20.0,True
ALL,ALL,LOCFE,3048,1.0153445202052596,NOT_AVAILABLE,1.0153445202052596,1.0153445202052596,20.0,True
ALL,ALL,LOCFE,3049,1.0153445202052596,NOT_AVAILABLE,1.0153445202052596,1.0153445202052596,20.0,True
ALL,ALL,LOCFE,3050,1.0153445202052596,NOT_AVAILABLE,1.0153445202052596,1.0153445202052596,20.0,True
ALL,ALL,LOCFE,3052,1.0153445202052596,NOT_AVAILABLE,1.0153445202052596,1.0153445202052596,20.0,True
ALL,ALL,LOCFE,3053,1.0153445202052596,NOT_AVAILABLE,1.0153445202052596,1.0153445202052596,20.0,True
ALL,ALL,LOCFE,3054,1.0153445202052596,NOT_AVAILABLE,1.0153445202052596,1.0153445202052596,20.0,True
ALL,ALL,LOCFE,3055,1.0153445202052596,NOT_AVAILABLE,1.0153445202052596,1.0153445202052596,20.0,True
ALL,ALL,LOCFE,3056,1.0153445202052596,NOT_AVAILABLE,1.0153445202052596,1.0153445202052596,20.0,True
ALL,ALL,LOCFE,3058,1.0153445202052596,NOT_AVAILABLE,1.0153445202052596,1.0153445202052596,20.0,True
ALL,ALL,LOCFE,3059,1.0153445202052596,NOT_AVAILABLE,1.0153445202052596,1.0153445202052596,20.0,True
ALL,ALL,LOCFE,3062,1.0153445202052596,NOT_AVAILABLE,1.0153445202052596,1.0153445202052596,20.0,True
ALL,ALL,LOCFE,3063,1.0153445202052596,NOT_AVAILABLE,1.0153445202052596,1.0153445202052596,20.0,True
ALL,ALL,LOCFE,3064,1.0153445202052596,NOT_AVAILABLE,1.0153445202052596,1.0153445202052596,20.0,True
ALL,ALL,LOCFE,3065,1.0153445202052596,NOT_AVAILABLE,1.0153445202052596,1.0153445202052596,20.0,True
ALL,ALL,LOCFE,3066,1.0153445202052596,NOT_AVAILABLE,1.0153445202052596,1.0153445202052596,20.0,True
ALL,ALL,LOCFE,3067,1.0153445202052596,NOT_AVAILABLE,1.0153445202052596,1.0153445202052596,20.0,True
ALL,ALL,LOCFE,3068,1.0153445202052596,NOT_AVAILABLE,1.0153445202052596,1.0153445202052596,20.0,True
ALL,ALL,LOCFE,3069,1.0153445202052596,NOT_AVAILABLE,1.0153445202052596,1.0153445202052596,20.0,True
ALL,ALL,LOCFE,3070,1.0153445202052596,NOT_AVAILABLE,1.0153445202052596,1.0153445202052596,20.0,True
ALL,ALL,LOCFE,3071,1.0153445202052596,NOT_AVAILABLE,1.0153445202052596,1.0153445202052596,20.0,True
ALL,ALL,LOCFE,3073,1.0153445202052596,NOT_AVAILABLE,1.0153445202052596,1.0153445202052596,20.0,True
ALL,ALL,LOCFE,3074,1.0153445202052596,NOT_AVAILABLE,1.0153445202052596,1.0153445202052596,20.0,True
ALL,ALL,LOCFE,3077,1.0153445202052596,NOT_AVAILABLE,1.0153445202052596,1.0153445202052596,20.0,True
ALL,ALL,LOCFE,3078,1.0153445202052596,NOT_AVAILABLE,1.0153445202052596,1.0153445202052596,20.0,True
ALL,ALL,LOCFE,3079,1.0153445202052596,NOT_AVAILABLE,1.0153445202052596,1.0153445202052596,20.0,True
ALL,ALL,LOCFE,3080,1.0153445202052596,NOT_AVAILABLE,1.0153445202052596,1.0153445202052596,20.0,True
ALL,ALL,LOCFE,3082,1.0153445202052596,NOT_AVAILABLE,1.0153445202052596,1.0153445202052596,20.0,True
ALL,ALL,LOCFE,3083,1.0153445202052596,NOT_AVAILABLE,1.0153445202052596,1.0153445202052596,20.0,True
ALL,ALL,LOCFE,3084,1.0153445202052596,NOT_AVAILABLE,1.0153445202052596,1.0153445202052596,20.0,True
ALL,ALL,LOCFE,3086,1.0153445202052596,NOT_AVAILABLE,1.0153445202052596,1.0153445202052596,20.0,True
ALL,ALL,LOCFE,3087,1.0153445202052596,NOT_AVAILABLE,1.0153445202052596,1.0153445202052596,20.0,True
ALL,ALL,LOCFE,3088,1.0153445202052596,NOT_AVAILABLE,1.0153445202052596,1.0153445202052596,20.0,True
ALL,ALL,LOCFE,3089,1.0153445202052596,NOT_AVAILABLE,1.0153445202052596,1.0153445202052596,20.0,True
ALL,ALL,LOCFE,3091,1.0153445202052596,NOT_AVAILABLE,1.0153445202052596,1.0153445202052596,20.0,True
ALL,ALL,LOCFE,3092,1.0153445202052596,NOT_AVAILABLE,1.0153445202052596,1.0153445202052596,20.0,True
ALL,ALL,LOCFE,3093,1.0153445202052596,NOT_AVAILABLE,1.0153445202052596,1.0153445202052596,20.0,True
ALL,ALL,LOCFE,3094,1.0153445202052596,NOT_AVAILABLE,1.0153445202052596,1.0153445202052596,20.0,True
ALL,ALL,LOCFE,3097,1.0153445202052596,NOT_AVAILABLE,1.0153445202052596,1.0153445202052596,20.0,True
ALL,ALL,LOCFE,3098,1.0153445202052596,NOT_AVAILABLE,1.0153445202052596,1.0153445202052596,20.0,True
ALL,ALL,LOCFE,3099,1.0153445202052596,NOT_AVAILABLE,1.0153445202052596,1.0153445202052596,20.0,True
ALL,ALL,LOCFE,3100,1.0153445202052596,NOT_AVAILABLE,1.0153445202052596,1.0153445202052596,20.0,True
ALL,ALL,LOCFE,3101,1.0153445202052596,NOT_AVAILABLE,1.0153445202052596,1.0153445202052596,20.0,True
ALL,ALL,LOCFE,3102,1.0153445202052596,NOT_AVAILABLE,1.0153445202052596,1.0153445202052596,20.0,True
ALL,ALL,LOCFE,3104,1.0153445202052596,NOT_AVAILABLE,1.0153445202052596,1.0153445202052596,20.0,True
ALL,ALL,LOCFE,3105,1.0153445202052596,NOT_AVAILABLE,1.0153445202052596,1.0153445202052596,20.0,True
ALL,ALL,LOCFE,3106,1.0153445202052596,NOT_AVAILABLE,1.0153445202052596,1.0153445202052596,20.0,True
ALL,ALL,LOCFE,3107,1.0153445202052596,NOT_AVAILABLE,1.0153445202052596,1.0153445202052596,20.0,True
ALL,ALL,LOCFE,3108,1.0153445202052596,NOT_AVAILABLE,1.0153445202052596,1.0153445202052596,20.0,True
ALL,ALL,LOCFE,3109,1.0153445202052596,NOT_AVAILABLE,1.0153445202052596,1.0153445202052596,20.0,True
ALL,ALL,LOCFE,3110,1.0153445202052596,NOT_AVAILABLE,1.0153445202052596,1.0153445202052596,20.0,True
ALL,ALL,LOCFE,3111,1.0153445202052596,NOT_AVAILABLE,1.0153445202052596,1.0153445202052596,20.0,True
ALL,ALL,LOCFE,3112,1.0153445202052596,NOT_AVAILABLE,1.0153445202052596,1.0153445202052596,20.0,True
ALL,ALL,LOCFE,3113,1.0153445202052596,NOT_AVAILABLE,1.0153445202052596,1.0153445202052596,20.0,True
ALL,ALL,LOCFE,3114,1.0153445202052596,NOT_AVAILABLE,1.0153445202052596,1.0153445202052596,20.0,True
ALL,ALL,LOCFE,3115,1.0153445202052596,NOT_AVAILABLE,1.0153445202052596,1.0153445202052596,20.0,True
ALL,ALL,LOCFE,3116,1.0153445202052596,NOT_AVAILABLE,1.0153445202052596,1.0153445202052596,20.0,True
ALL,ALL,LOCFE,3117,1.0153445202052596,NOT_AVAILABLE,1.0153445202052596,1.0153445202052596,20.0,True
ALL,ALL,LOCFE,3119,1.0153445202052596,NOT_AVAILABLE,1.0153445202052596,1.0153445202052596,20.0,True
ALL,ALL,LOCFE,3120,1.0153445202052596,NOT_AVAILABLE,1.0153445202052596,1.0153445202052596,20.0,True
ALL,ALL,LOCFE,3121,1.0153445202052596,NOT_AVAILABLE,1.0153445202052596,1.0153445202052596,20.0,True
ALL,ALL,LOCFE,3122,1.0153445202052596,NOT_AVAILABLE,1.0153445202052596,1.0153445202052596,20.0,True
ALL,ALL,LOCFE,3123,1.0153445202052596,NOT_AVAILABLE,1.0153445202052596,1.0153445202052596,20.0,True
ALL,ALL,LOCFE,3124,1.0153445202052596,NOT_AVAILABLE,1.0153445202052596,1.0153445202052596,20.0,True
ALL,ALL,LOCFE,3125,1.0153445202052596,NOT_AVAILABLE,1.0153445202052596,1.0153445202052596,20.0,True
ALL,ALL,LOCFE,3127,1.0153445202052596,NOT_AVAILABLE,1.0153445202052596,1.0153445202052596,20.0,True
ALL,ALL,LOCFE,3128,1.0153445202052596,NOT_AVAILABLE,1.0153445202052596,1.0153445202052596,20.0,True
ALL,ALL,LOCFE,3129,1.0153445202052596,NOT_AVAILABLE,1.0153445202052596,1.0153445202052596,20.0,True
ALL,ALL,LOCFE,3130,1.0153445202052596,NOT_AVAILABLE,1.0153445202052596,1.0153445202052596,20.0,True
ALL,ALL,LOCFE,3131,1.0153445202052596,NOT_AVAILABLE,1.0153445202052596,1.0153445202052596,20.0,True
ALL,ALL,LOCFE,3133,1.0153445202052596,NOT_AVAILABLE,1.0153445202052596,1.0153445202052596,20.0,True
ALL,ALL,LOCFE,3134,1.0153445202052596,NOT_AVAILABLE,1.0153445202052596,1.0153445202052596,20.0,True
ALL,ALL,LOCFE,3135,1.0153445202052596,NOT_AVAILABLE,1.0153445202052596,1.0153445202052596,20.0,True
ALL,ALL,LOCFE,3136,1.0153445202052596,NOT_AVAILABLE,1.0153445202052596,1.0153445202052596,20.0,True
ALL,ALL,LOCFE,3137,1.0153445202052596,NOT_AVAILABLE,1.0153445202052596,1.0153445202052596,20.0,True
ALL,ALL,LOCFE,3138,1.0153445202052596,NOT_AVAILABLE,1.0153445202052596,1.0153445202052596,20.0,True
ALL,ALL,LOCFE,3139,1.0153445202052596,NOT_AVAILABLE,1.0153445202052596,1.0153445202052596,20.0,True
ALL,ALL,LOCFE,3141,1.0153445202052596,NOT_AVAILABLE,1.0153445202052596,1.0153445202052596,20.0,True
ALL,ALL,LOCFE,3142,1.0153445202052596,NOT_AVAILABLE,1.0153445202052596,1.0153445202052596,20.0,True
ALL,ALL,LOCFE,3143,1.0153445202052596,NOT_AVAILABLE,1.0153445202052596,1.0153445202052596,20.0,True
ALL,ALL,LOCFE,3144,1.0153445202052596,NOT_AVAILABLE,1.0153445202052596,1.0153445202052596,20.0,True
ALL,ALL,LOCFE,3145,1.0153445202052596,NOT_AVAILABLE,1.0153445202052596,1.0153445202052596,20.0,True
ALL,ALL,LOCFE,3146,1.0153445202052596,NOT_AVAILABLE,1.0153445202052596,1.0153445202052596,20.0,True
ALL,ALL,LOCFE,3147,1.0153445202052596,NOT_AVAILABLE,1.0153445202052596,1.0153445202052596,20.0,True
ALL,ALL,LOCFE,3148,1.0153445202052596,NOT_AVAILABLE,1.0153445202052596,1.0153445202052596,20.0,True
ALL,ALL,LOCFE,3149,1.0153445202052596,NOT_AVAILABLE,1.0153445202052596,1.0153445202052596,20.0,True
ALL,ALL,LOCFE,3150,1.0153445202052596,NOT_AVAILABLE,1.0153445202052596,1.0153445202052596,20.0,True
ALL,ALL,LOCFE,3151,1.0153445202052596,NOT_AVAILABLE,1.0153445202052596,1.0153445202052596,20.0,True
ALL,ALL,LOCFE,3152,1.0153445202052596,NOT_AVAILABLE,1.0153445202052596,1.0153445202052596,20.0,True
ALL,ALL,LOCFE,3153,1.0153445202052596,NOT_AVAILABLE,1.0153445202052596,1.0153445202052596,20.0,True
ALL,ALL,LOCFE,3154,1.0153445202052596,NOT_AVAILABLE,1.0153445202052596,1.0153445202052596,20.0,True
ALL,ALL,LOCFE,3155,1.0153445202052596,NOT_AVAILABLE,1.0153445202052596,1.0153445202052596,20.0,True
ALL,ALL,LOCFE,3156,1.0153445202052596,NOT_AVAILABLE,1.0153445202052596,1.0153445202052596,20.0,True
ALL,ALL,LOCFE,3157,1.0153445202052596,NOT_AVAILABLE,1.0153445202052596,1.0153445202052596,20.0,True
ALL,ALL,LOCFE,3158,1.0153445202052596,NOT_AVAILABLE,1.0153445202052596,1.0153445202052596,20.0,True
ALL,ALL,LOCFE,3161,1.0153445202052596,NOT_AVAILABLE,1.0153445202052596,1.0153445202052596,20.0,True
ALL,ALL,LOCFE,3162,1.0153445202052596,NOT_AVAILABLE,1.0153445202052596,1.0153445202052596,20.0,True
ALL,ALL,LOCFE,3163,1.0153445202052596,NOT_AVAILABLE,1.0153445202052596,1.0153445202052596,20.0,True
ALL,ALL,LOCFE,3166,1.0153445202052596,NOT_AVAILABLE,1.0153445202052596,1.0153445202052596,20.0,True
ALL,ALL,LOCFE,3167,1.0153445202052596,NOT_AVAILABLE,1.0153445202052596,1.0153445202052596,20.0,True
ALL,ALL,LOCFE,3168,1.0153445202052596,NOT_AVAILABLE,1.0153445202052596,1.0153445202052596,20.0,True
ALL,ALL,LOCFE,3169,1.0153445202052596,NOT_AVAILABLE,1.0153445202052596,1.0153445202052596,20.0,True
ALL,ALL,LOCFE,3170,1.0153445202052596,NOT_AVAILABLE,1.0153445202052596,1.0153445202052596,20.0,True
ALL,ALL,LOCFE,3171,1.0153445202052596,NOT_AVAILABLE,1.0153445202052596,1.0153445202052596,20.0,True
ALL,ALL,LOCFE,3172,1.0153445202052596,NOT_AVAILABLE,1.0153445202052596,1.0153445202052596,20.0,True
ALL,ALL,LOCFE,3173,1.0153445202052596,NOT_AVAILABLE,1.0153445202052596,1.0153445202052596,20.0,True
ALL,ALL,LOCFE,3174,1.0153445202052596,NOT_AVAILABLE,1.0153445202052596,1.0153445202052596,20.0,True
ALL,ALL,LOCFE,3175,1.0153445202052596,NOT_AVAILABLE,1.0153445202052596,1.0153445202052596,20.0,True
ALL,ALL,LOCFE,3176,1.0153445202052596,NOT_AVAILABLE,1.0153445202052596,1.0153445202052596,20.0,True
ALL,ALL,LOCFE,3177,1.0153445202052596,NOT_AVAILABLE,1.0153445202052596,1.0153445202052596,20.0,True
ALL,ALL,LOCFE,3178,1.0153445202052596,NOT_AVAILABLE,1.0153445202052596,1.0153445202052596,20.0,True
ALL,ALL,LOCFE,3179,1.0153445202052596,NOT_AVAILABLE,1.0153445202052596,1.0153445202052596,20.0,True
ALL,ALL,LOCFE,3180,1.0153445202052596,NOT_AVAILABLE,1.0153445202052596,1.0153445202052596,20.0,True
ALL,ALL,LOCFE,3181,1.0153445202052596,NOT_AVAILABLE,1.0153445202052596,1.0153445202052596,20.0,True
ALL,ALL,LOCFE,3182,1.0153445202052596,NOT_AVAILABLE,1.0153445202052596,1.0153445202052596,20.0,True
ALL,ALL,LOCFE,3183,1.0153445202052596,NOT_AVAILABLE,1.0153445202052596,1.0153445202052596,20.0,True
ALL,ALL,LOCFE,3184,1.0153445202052596,NOT_AVAILABLE,1.0153445202052596,1.0153445202052596,20.0,True
ALL,ALL,LOCFE,3185,1.0153445202052596,NOT_AVAILABLE,1.0153445202052596,1.0153445202052596,20.0,True
ALL,ALL,LOCFE,3186,1.0153445202052596,NOT_AVAILABLE,1.0153445202052596,1.0153445202052596,20.0,True
ALL,ALL,LOCFE,3187,1.0153445202052596,NOT_AVAILABLE,1.0153445202052596,1.0153445202052596,20.0,True
ALL,ALL,LOCFE,3188,1.0153445202052596,NOT_AVAILABLE,1.0153445202052596,1.0153445202052596,20.0,True
ALL,ALL,LOCFE,3189,1.0153445202052596,NOT_AVAILABLE,1.0153445202052596,1.0153445202052596,20.0,True
ALL,ALL,LOCFE,3190,1.0153445202052596,NOT_AVAILABLE,1.0153445202052596,1.0153445202052596,20.0,True
ALL,ALL,LOCFE,3191,1.0153445202052596,NOT_AVAILABLE,1.0153445202052596,1.0153445202052596,20.0,True
ALL,ALL,LOCFE,3192,1.0153445202052596,NOT_AVAILABLE,1.0153445202052596,1.0153445202052596,20.0,True
ALL,ALL,LOCFE,3193,1.0153445202052596,NOT_AVAILABLE,1.0153445202052596,1.0153445202052596,20.0,True
ALL,ALL,LOCFE,3194,1.0153445202052596,NOT_AVAILABLE,1.0153445202052596,1.0153445202052596,20.0,True
ALL,ALL,LOCFE,3196,1.0153445202052596,NOT_AVAILABLE,1.0153445202052596,1.0153445202052596,20.0,True
ALL,ALL,LOCFE,3197,1.0153445202052596,NOT_AVAILABLE,1.0153445202052596,1.0153445202052596,20.0,True
ALL,ALL,LOCFE,3198,1.0153445202052596,NOT_AVAILABLE,1.0153445202052596,1.0153445202052596,20.0,True
ALL,ALL,LOCFE,3199,1.0153445202052596,NOT_AVAILABLE,1.0153445202052596,1.0153445202052596,20.0,True
ALL,ALL,LOCFE,3200,1.0153445202052596,NOT_AVAILABLE,1.0153445202052596,1.0153445202052596,20.0,True
ALL,ALL,LOCFE,3201,1.0153445202052596,NOT_AVAILABLE,1.0153445202052596,1.0153445202052596,20.0,True
ALL,ALL,LOCFE,3202,1.0153445202052596,NOT_AVAILABLE,1.0153445202052596,1.0153445202052596,20.0,True
ALL,ALL,LOCFE,3203,1.0153445202052596,NOT_AVAILABLE,1.0153445202052596,1.0153445202052596,20.0,True
ALL,ALL,LOCFE,3204,1.0153445202052596,NOT_AVAILABLE,1.0153445202052596,1.0153445202052596,20.0,True
ALL,ALL,LOCFE,3205,1.0153445202052596,NOT_AVAILABLE,1.0153445202052596,1.0153445202052596,20.0,True
ALL,ALL,LOCFE,3206,1.0153445202052596,NOT_AVAILABLE,1.0153445202052596,1.0153445202052596,20.0,True
ALL,ALL,LOCFE,3207,1.0153445202052596,NOT_AVAILABLE,1.0153445202052596,1.0153445202052596,20.0,True
ALL,ALL,LOCFE,3208,1.0153445202052596,NOT_AVAILABLE,1.0153445202052596,1.0153445202052596,20.0,True
ALL,ALL,LOCFE,3210,1.0153445202052596,NOT_AVAILABLE,1.0153445202052596,1.0153445202052596,20.0,True
ALL,ALL,LOCFE,3211,1.0153445202052596,NOT_AVAILABLE,1.0153445202052596,1.0153445202052596,20.0,True
ALL,ALL,LOCFE,3212,1.0153445202052596,NOT_AVAILABLE,1.0153445202052596,1.0153445202052596,20.0,True
ALL,ALL,LOCFE,3214,1.0153445202052596,NOT_AVAILABLE,1.0153445202052596,1.0153445202052596,20.0,True
ALL,ALL,LOCFE,3215,1.0153445202052596,NOT_AVAILABLE,1.0153445202052596,1.0153445202052596,20.0,True
ALL,ALL,LOCFE,3216,1.0153445202052596,NOT_AVAILABLE,1.0153445202052596,1.0153445202052596,20.0,True
ALL,ALL,LOCFE,3217,1.0153445202052596,NOT_AVAILABLE,1.0153445202052596,1.0153445202052596,20.0,True
ALL,ALL,LOCFE,3218,1.0153445202052596,NOT_AVAILABLE,1.0153445202052596,1.0153445202052596,20.0,True
ALL,ALL,LOCFE,3219,1.0153445202052596,NOT_AVAILABLE,1.0153445202052596,1.0153445202052596,20.0,True
ALL,ALL,LOCFE,3220,1.0153445202052596,NOT_AVAILABLE,1.0153445202052596,1.0153445202052596,20.0,True
ALL,ALL,LOCFE,3221,1.0153445202052596,NOT_AVAILABLE,1.0153445202052596,1.0153445202052596,20.0,True
ALL,ALL,LOCFE,3222,1.0153445202052596,NOT_AVAILABLE,1.0153445202052596,1.0153445202052596,20.0,True
ALL,ALL,LOCFE,3224,1.0153445202052596,NOT_AVAILABLE,1.0153445202052596,1.0153445202052596,20.0,True
ALL,ALL,LOCFE,3225,1.0153445202052596,NOT_AVAILABLE,1.0153445202052596,1.0153445202052596,20.0,True
ALL,ALL,LOCFE,3226,1.0153445202052596,NOT_AVAILABLE,1.0153445202052596,1.0153445202052596,20.0,True
ALL,ALL,LOCFE,3228,1.0153445202052596,NOT_AVAILABLE,1.0153445202052596,1.0153445202052596,20.0,True
ALL,ALL,LOCFE,3229,1.0153445202052596,NOT_AVAILABLE,1.0153445202052596,1.0153445202052596,20.0,True
ALL,ALL,LOCFE,3230,1.0153445202052596,NOT_AVAILABLE,1.0153445202052596,1.0153445202052596,20.0,True
ALL,ALL,LOCFE,3231,1.0153445202052596,NOT_AVAILABLE,1.0153445202052596,1.0153445202052596,20.0,True
ALL,ALL,LOCFE,3232,1.0153445202052596,NOT_AVAILABLE,1.0153445202052596,1.0153445202052596,20.0,True
ALL,ALL,LOCFE,3233,1.0153445202052596,NOT_AVAILABLE,1.0153445202052596,1.0153445202052596,20.0,True
ALL,ALL,LOCFE,3234,1.0153445202052596,NOT_AVAILABLE,1.0153445202052596,1.0153445202052596,20.0,True
ALL,ALL,LOCFE,3235,1.0153445202052596,NOT_AVAILABLE,1.0153445202052596,1.0153445202052596,20.0,True
ALL,ALL,LOCFE,3236,1.0153445202052596,NOT_AVAILABLE,1.0153445202052596,1.0153445202052596,20.0,True
ALL,ALL,LOCFE,3237,1.0153445202052596,NOT_AVAILABLE,1.0153445202052596,1.0153445202052596,20.0,True
ALL,ALL,LOCFE,3238,1.0153445202052596,NOT_AVAILABLE,1.0153445202052596,1.0153445202052596,20.0,True
ALL,ALL,LOCFE,3239,1.0153445202052596,NOT_AVAILABLE,1.0153445202052596,1.0153445202052596,20.0,True
ALL,ALL,LOCFE,3240,1.0153445202052596,NOT_AVAILABLE,1.0153445202052596,1.0153445202052596,20.0,True
ALL,ALL,LOCFE,3241,1.0153445202052596,NOT_AVAILABLE,1.0153445202052596,1.0153445202052596,20.0,True
ALL,ALL,LOCFE,3242,1.0153445202052596,NOT_AVAILABLE,1.0153445202052596,1.0153445202052596,20.0,True
ALL,ALL,LOCFE,3243,1.0153445202052596,NOT_AVAILABLE,1.0153445202052596,1.0153445202052596,20.0,True
ALL,ALL,LOCFE,3244,1.0153445202052596,NOT_AVAILABLE,1.0153445202052596,1.0153445202052596,20.0,True
ALL,ALL,LOCFE,3245,1.0153445202052596,NOT_AVAILABLE,1.0153445202052596,1.0153445202052596,20.0,True
ALL,ALL,LOCFE,3246,1.0153445202052596,NOT_AVAILABLE,1.0153445202052596,1.0153445202052596,20.0,True
ALL,ALL,LOCFE,3247,1.0153445202052596,NOT_AVAILABLE,1.0153445202052596,1.0153445202052596,20.0,True
ALL,ALL,LOCFE,3248,1.0153445202052596,NOT_AVAILABLE,1.0153445202052596,1.0153445202052596,20.0,True
ALL,ALL,LOCFE,3249,1.0153445202052596,NOT_AVAILABLE,1.0153445202052596,1.0153445202052596,20.0,True
ALL,ALL,LOCFE,3250,1.0153445202052596,NOT_AVAILABLE,1.0153445202052596,1.0153445202052596,20.0,True
ALL,ALL,LOCFE,3251,1.0153445202052596,NOT_AVAILABLE,1.0153445202052596,1.0153445202052596,20.0,True
ALL,ALL,LOCFE,3252,1.0153445202052596,NOT_AVAILABLE,1.0153445202052596,1.0153445202052596,20.0,True
ALL,ALL,LOCFE,3253,1.0153445202052596,NOT_AVAILABLE,1.0153445202052596,1.0153445202052596,20.0,True
ALL,ALL,LOCFE,3254,1.0153445202052596,NOT_AVAILABLE,1.0153445202052596,1.0153445202052596,20.0,True
ALL,ALL,LOCFE,3256,1.0153445202052596,NOT_AVAILABLE,1.0153445202052596,1.0153445202052596,20.0,True
ALL,ALL,LOCFE,3257,1.0153445202052596,NOT_AVAILABLE,1.0153445202052596,1.0153445202052596,20.0,True
ALL,ALL,LOCFE,3258,1.0153445202052596,NOT_AVAILABLE,1.0153445202052596,1.0153445202052596,20.0,True
ALL,ALL,LOCFE,3259,1.0153445202052596,NOT_AVAILABLE,1.0153445202052596,1.0153445202052596,20.0,True
ALL,ALL,LOCFE,3260,1.0153445202052596,NOT_AVAILABLE,1.0153445202052596,1.0153445202052596,20.0,True
ALL,ALL,LOCFE,3261,1.0153445202052596,NOT_AVAILABLE,1.0153445202052596,1.0153445202052596,20.0,True
ALL,ALL,LOCFE,3263,1.0153445202052596,NOT_AVAILABLE,1.0153445202052596,1.0153445202052596,20.0,True
ALL,ALL,LOCFE,3264,1.0153445202052596,NOT_AVAILABLE,1.0153445202052596,1.0153445202052596,20.0,True
ALL,ALL,LOCFE,3265,1.0153445202052596,NOT_AVAILABLE,1.0153445202052596,1.0153445202052596,20.0,True
ALL,ALL,LOCFE,3266,1.0153445202052596,NOT_AVAILABLE,1.0153445202052596,1.0153445202052596,20.0,True
ALL,ALL,LOCFE,3268,1.0153445202052596,NOT_AVAILABLE,1.0153445202052596,1.0153445202052596,20.0,True
ALL,ALL,LOCFE,3269,1.0153445202052596,NOT_AVAILABLE,1.0153445202052596,1.0153445202052596,20.0,True
ALL,ALL,LOCFE,3270,1.0153445202052596,NOT_AVAILABLE,1.0153445202052596,1.0153445202052596,20.0,True
ALL,ALL,LOCFE,3271,1.0153445202052596,NOT_AVAILABLE,1.0153445202052596,1.0153445202052596,20.0,True
ALL,ALL,LOCFE,3272,1.0153445202052596,NOT_AVAILABLE,1.0153445202052596,1.0153445202052596,20.0,True
ALL,ALL,LOCFE,3273,1.0153445202052596,NOT_AVAILABLE,1.0153445202052596,1.0153445202052596,20.0,True
ALL,ALL,LOCFE,3274,1.0153445202052596,NOT_AVAILABLE,1.0153445202052596,1.0153445202052596,20.0,True
ALL,ALL,LOCFE,3275,1.0153445202052596,NOT_AVAILABLE,1.0153445202052596,1.0153445202052596,20.0,True
ALL,ALL,LOCFE,3276,1.0153445202052596,NOT_AVAILABLE,1.0153445202052596,1.0153445202052596,20.0,True
ALL,ALL,LOCFE,3277,1.0153445202052596,NOT_AVAILABLE,1.0153445202052596,1.0153445202052596,20.0,True
ALL,ALL,LOCFE,3278,1.0153445202052596,NOT_AVAILABLE,1.0153445202052596,1.0153445202052596,20.0,True
ALL,ALL,LOCFE,3279,1.0153445202052596,NOT_AVAILABLE,1.0153445202052596,1.0153445202052596,20.0,True
ALL,ALL,LOCFE,3280,1.0153445202052596,NOT_AVAILABLE,1.0153445202052596,1.0153445202052596,20.0,True
ALL,ALL,LOCFE,3281,1.0153445202052596,NOT_AVAILABLE,1.0153445202052596,1.0153445202052596,20.0,True
ALL,ALL,LOCFE,3282,1.0153445202052596,NOT_AVAILABLE,1.0153445202052596,1.0153445202052596,20.0,True
ALL,ALL,LOCFE,3284,1.0153445202052596,NOT_AVAILABLE,1.0153445202052596,1.0153445202052596,20.0,True
ALL,ALL,LOCFE,3285,1.0153445202052596,NOT_AVAILABLE,1.0153445202052596,1.0153445202052596,20.0,True
ALL,ALL,LOCFE,3286,1.0153445202052596,NOT_AVAILABLE,1.0153445202052596,1.0153445202052596,20.0,True
ALL,ALL,LOCFE,3288,1.0153445202052596,NOT_AVAILABLE,1.0153445202052596,1.0153445202052596,20.0,True
ALL,ALL,LOCFE,3289,1.0153445202052596,NOT_AVAILABLE,1.0153445202052596,1.0153445202052596,20.0,True
ALL,ALL,LOCFE,3290,1.0153445202052596,NOT_AVAILABLE,1.0153445202052596,1.0153445202052596,20.0,True
ALL,ALL,LOCFE,3291,1.0153445202052596,NOT_AVAILABLE,1.0153445202052596,1.0153445202052596,20.0,True
ALL,ALL,LOCFE,3292,1.0153445202052596,NOT_AVAILABLE,1.0153445202052596,1.0153445202052596,20.0,True
ALL,ALL,LOCFE,3293,1.0153445202052596,NOT_AVAILABLE,1.0153445202052596,1.0153445202052596,20.0,True
ALL,ALL,LOCFE,3294,1.0153445202052596,NOT_AVAILABLE,1.0153445202052596,1.0153445202052596,20.0,True
ALL,ALL,LOCFE,3295,1.0153445202052596,NOT_AVAILABLE,1.0153445202052596,1.0153445202052596,20.0,True
ALL,ALL,LOCFE,3296,1.0153445202052596,NOT_AVAILABLE,1.0153445202052596,1.0153445202052596,20.0,True
ALL,ALL,LOCFE,3297,1.0153445202052596,NOT_AVAILABLE,1.0153445202052596,1.0153445202052596,20.0,True
ALL,ALL,LOCFE,3298,1.0153445202052596,NOT_AVAILABLE,1.0153445202052596,1.0153445202052596,20.0,True
ALL,ALL,LOCFE,3299,1.0153445202052596,NOT_AVAILABLE,1.0153445202052596,1.0153445202052596,20.0,True
ALL,ALL,LOCFE,3301,1.0153445202052596,NOT_AVAILABLE,1.0153445202052596,1.0153445202052596,20.0,True
ALL,ALL,LOCFE,3302,1.0153445202052596,NOT_AVAILABLE,1.0153445202052596,1.0153445202052596,20.0,True
ALL,ALL,LOCFE,3304,1.0153445202052596,NOT_AVAILABLE,1.0153445202052596,1.0153445202052596,20.0,True
ALL,ALL,LOCFE,3305,1.0153445202052596,NOT_AVAILABLE,1.0153445202052596,1.0153445202052596,20.0,True
ALL,ALL,LOCFE,3306,1.0153445202052596,NOT_AVAILABLE,1.0153445202052596,1.0153445202052596,20.0,True
ALL,ALL,LOCFE,3307,1.0153445202052596,NOT_AVAILABLE,1.0153445202052596,1.0153445202052596,20.0,True
ALL,ALL,LOCFE,3308,1.0153445202052596,NOT_AVAILABLE,1.0153445202052596,1.0153445202052596,20.0,True
ALL,ALL,LOCFE,3309,1.0153445202052596,NOT_AVAILABLE,1.0153445202052596,1.0153445202052596,20.0,True
ALL,ALL,LOCFE,3310,1.0153445202052596,NOT_AVAILABLE,1.0153445202052596,1.0153445202052596,20.0,True
ALL,ALL,LOCFE,3311,1.0153445202052596,NOT_AVAILABLE,1.0153445202052596,1.0153445202052596,20.0,True
ALL,ALL,LOCFE,3312,1.0153445202052596,NOT_AVAILABLE,1.0153445202052596,1.0153445202052596,20.0,True
ALL,ALL,LOCFE,3313,1.0153445202052596,NOT_AVAILABLE,1.0153445202052596,1.0153445202052596,20.0,True
ALL,ALL,LOCFE,3315,1.0153445202052596,NOT_AVAILABLE,1.0153445202052596,1.0153445202052596,20.0,True
ALL,ALL,LOCFE,3317,1.0153445202052596,NOT_AVAILABLE,1.0153445202052596,1.0153445202052596,20.0,True
ALL,ALL,LOCFE,3318,1.0153445202052596,NOT_AVAILABLE,1.0153445202052596,1.0153445202052596,20.0,True
ALL,ALL,LOCFE,3319,1.0153445202052596,NOT_AVAILABLE,1.0153445202052596,1.0153445202052596,20.0,True
ALL,ALL,LOCFE,3320,1.0153445202052596,NOT_AVAILABLE,1.0153445202052596,1.0153445202052596,20.0,True
ALL,ALL,LOCFE,3322,1.0153445202052596,NOT_AVAILABLE,1.0153445202052596,1.0153445202052596,20.0,True
ALL,ALL,LOCFE,3323,1.0153445202052596,NOT_AVAILABLE,1.0153445202052596,1.0153445202052596,20.0,True
ALL,ALL,LOCFE,3325,1.0153445202052596,NOT_AVAILABLE,1.0153445202052596,1.0153445202052596,20.0,True
ALL,ALL,LOCFE,3326,1.0153445202052596,NOT_AVAILABLE,1.0153445202052596,1.0153445202052596,20.0,True
ALL,ALL,LOCFE,3327,1.0153445202052596,NOT_AVAILABLE,1.0153445202052596,1.0153445202052596,20.0,True
ALL,ALL,LOCFE,3328,1.0153445202052596,NOT_AVAILABLE,1.0153445202052596,1.0153445202052596,20.0,True
ALL,ALL,LOCFE,3329,1.0153445202052596,NOT_AVAILABLE,1.0153445202052596,1.0153445202052596,20.0,True
ALL,ALL,LOCFE,3330,1.0153445202052596,NOT_AVAILABLE,1.0153445202052596,1.0153445202052596,20.0,True
ALL,ALL,LOCFE,3331,1.0153445202052596,NOT_AVAILABLE,1.0153445202052596,1.0153445202052596,20.0,True
ALL,ALL,LOCFE,3332,1.0153445202052596,NOT_AVAILABLE,1.0153445202052596,1.0153445202052596,20.0,True
ALL,ALL,LOCFE,3333,1.0153445202052596,NOT_AVAILABLE,1.0153445202052596,1.0153445202052596,20.0,True
ALL,ALL,LOCFE,3334,1.0153445202052596,NOT_AVAILABLE,1.0153445202052596,1.0153445202052596,20.0,True
ALL,ALL,LOCFE,3336,1.0153445202052596,NOT_AVAILABLE,1.0153445202052596,1.0153445202052596,20.0,True
ALL,ALL,LOCFE,3337,1.0153445202052596,NOT_AVAILABLE,1.0153445202052596,1.0153445202052596,20.0,True
ALL,ALL,LOCFE,3338,1.0153445202052596,NOT_AVAILABLE,1.0153445202052596,1.0153445202052596,20.0,True
ALL,ALL,LOCFE,3339,1.0153445202052596,NOT_AVAILABLE,1.0153445202052596,1.0153445202052596,20.0,True
ALL,ALL,LOCFE,3340,1.0153445202052596,NOT_AVAILABLE,1.0153445202052596,1.0153445202052596,20.0,True
ALL,ALL,LOCFE,3342,1.0153445202052596,NOT_AVAILABLE,1.0153445202052596,1.0153445202052596,20.0,True
ALL,ALL,LOCFE,3343,1.0153445202052596,NOT_AVAILABLE,1.0153445202052596,1.0153445202052596,20.0,True
ALL,ALL,LOCFE,3344,1.0153445202052596,NOT_AVAILABLE,1.0153445202052596,1.0153445202052596,20.0,True
ALL,ALL,LOCFE,3345,1.0153445202052596,NOT_AVAILABLE,1.0153445202052596,1.0153445202052596,20.0,True
ALL,ALL,LOCFE,3346,1.0153445202052596,NOT_AVAILABLE,1.0153445202052596,1.0153445202052596,20.0,True
ALL,ALL,LOCFE,3347,1.0153445202052596,NOT_AVAILABLE,1.0153445202052596,1.0153445202052596,20.0,True
ALL,ALL,LOCFE,3348,1.0153445202052596,NOT_AVAILABLE,1.0153445202052596,1.0153445202052596,20.0,True
ALL,ALL,LOCFE,3349,1.0153445202052596,NOT_AVAILABLE,1.0153445202052596,1.0153445202052596,20.0,True
ALL,ALL,LOCFE,3350,1.0153445202052596,NOT_AVAILABLE,1.0153445202052596,1.0153445202052596,20.0,True
ALL,ALL,LOCFE,3353,1.0153445202052596,NOT_AVAILABLE,1.0153445202052596,1.0153445202052596,20.0,True
ALL,ALL,LOCFE,3354,1.0153445202052596,NOT_AVAILABLE,1.0153445202052596,1.0153445202052596,20.0,True
ALL,ALL,LOCFE,3356,1.0153445202052596,NOT_AVAILABLE,1.0153445202052596,1.0153445202052596,20.0,True
ALL,ALL,LOCFE,3357,1.0153445202052596,NOT_AVAILABLE,1.0153445202052596,1.0153445202052596,20.0,True
ALL,ALL,LOCFE,3358,1.0153445202052596,NOT_AVAILABLE,1.0153445202052596,1.0153445202052596,20.0,True
ALL,ALL,LOCFE,3359,1.0153445202052596,NOT_AVAILABLE,1.0153445202052596,1.0153445202052596,20.0,True
ALL,ALL,LOCFE,3360,1.0153445202052596,NOT_AVAILABLE,1.0153445202052596,1.0153445202052596,20.0,True
ALL,ALL,LOCFE,3363,1.0153445202052596,NOT_AVAILABLE,1.0153445202052596,1.0153445202052596,20.0,True
ALL,ALL,LOCFE,3364,1.0153445202052596,NOT_AVAILABLE,1.0153445202052596,1.0153445202052596,20.0,True
ALL,ALL,LOCFE,3365,1.0153445202052596,NOT_AVAILABLE,1.0153445202052596,1.0153445202052596,20.0,True
ALL,ALL,LOCFE,3368,1.0153445202052596,NOT_AVAILABLE,1.0153445202052596,1.0153445202052596,20.0,True
ALL,ALL,LOCFE,3369,1.0153445202052596,NOT_AVAILABLE,1.0153445202052596,1.0153445202052596,20.0,True
ALL,ALL,LOCFE,3373,1.0153445202052596,NOT_AVAILABLE,1.0153445202052596,1.0153445202052596,20.0,True
ALL,ALL,LOCFE,3374,1.0153445202052596,NOT_AVAILABLE,1.0153445202052596,1.0153445202052596,20.0,True
ALL,ALL,LOCFE,3375,1.0153445202052596,NOT_AVAILABLE,1.0153445202052596,1.0153445202052596,20.0,True
ALL,ALL,LOCFE,3377,1.0153445202052596,NOT_AVAILABLE,1.0153445202052596,1.0153445202052596,20.0,True
ALL,ALL,LOCFE,3380,1.0153445202052596,NOT_AVAILABLE,1.0153445202052596,1.0153445202052596,20.0,True
ALL,ALL,LOCFE,3383,1.0153445202052596,NOT_AVAILABLE,1.0153445202052596,1.0153445202052596,20.0,True
ALL,ALL,LOCFE,3384,1.0153445202052596,NOT_AVAILABLE,1.0153445202052596,1.0153445202052596,20.0,True
ALL,ALL,LOCFE,3385,1.0153445202052596,NOT_AVAILABLE,1.0153445202052596,1.0153445202052596,20.0,True
ALL,ALL,LOCFE,3387,1.0153445202052596,NOT_AVAILABLE,1.0153445202052596,1.0153445202052596,20.0,True
ALL,ALL,LOCFE,3389,1.0153445202052596,NOT_AVAILABLE,1.0153445202052596,1.0153445202052596,20.0,True
ALL,ALL,LOCFE,3390,1.0153445202052596,NOT_AVAILABLE,1.0153445202052596,1.0153445202052596,20.0,True
ALL,ALL,LOCFE,3392,1.0153445202052596,NOT_AVAILABLE,1.0153445202052596,1.0153445202052596,20.0,True
ALL,ALL,LOCFE,3395,1.0153445202052596,NOT_AVAILABLE,1.0153445202052596,1.0153445202052596,20.0,True
ALL,ALL,LOCFE,3397,1.0153445202052596,NOT_AVAILABLE,1.0153445202052596,1.0153445202052596,20.0,True
ALL,ALL,LOCFE,3400,1.0153445202052596,NOT_AVAILABLE,1.0153445202052596,1.0153445202052596,20.0,True
ALL,ALL,LOCFE,3401,1.0153445202052596,NOT_AVAILABLE,1.0153445202052596,1.0153445202052596,20.0,True
ALL,ALL,LOCFE,3403,1.0153445202052596,NOT_AVAILABLE,1.0153445202052596,1.0153445202052596,20.0,True
ALL,ALL,LOCFE,3404,1.0153445202052596,NOT_AVAILABLE,1.0153445202052596,1.0153445202052596,20.0,True
ALL,ALL,LOCFE,3405,1.0153445202052596,NOT_AVAILABLE,1.0153445202052596,1.0153445202052596,20.0,True
ALL,ALL,LOCFE,3406,1.0153445202052596,NOT_AVAILABLE,1.0153445202052596,1.0153445202052596,20.0,True
ALL,ALL,LOCFE,3408,1.0153445202052596,NOT_AVAILABLE,1.0153445202052596,1.0153445202052596,20.0,True
ALL,ALL,LOCFE,3411,1.0153445202052596,NOT_AVAILABLE,1.0153445202052596,1.0153445202052596,20.0,True
ALL,ALL,LOCFE,3414,1.0153445202052596,NOT_AVAILABLE,1.0153445202052596,1.0153445202052596,20.0,True
ALL,ALL,LOCFE,3415,1.0153445202052596,NOT_AVAILABLE,1.0153445202052596,1.0153445202052596,20.0,True
ALL,ALL,LOCFE,3416,1.0153445202052596,NOT_AVAILABLE,1.0153445202052596,1.0153445202052596,20.0,True
ALL,ALL,LOCFE,3417,1.0153445202052596,NOT_AVAILABLE,1.0153445202052596,1.0153445202052596,20.0,True
ALL,ALL,LOCFE,3423,1.0153445202052596,NOT_AVAILABLE,1.0153445202052596,1.0153445202052596,20.0,True
ALL,ALL,LOCFE,3424,1.0153445202052596,NOT_AVAILABLE,1.0153445202052596,1.0153445202052596,20.0,True
ALL,ALL,LOCFE,3426,1.0153445202052596,NOT_AVAILABLE,1.0153445202052596,1.0153445202052596,20.0,True
ALL,ALL,LOCFE,3427,1.0153445202052596,NOT_AVAILABLE,1.0153445202052596,1.0153445202052596,20.0,True
ALL,ALL,LOCFE,3430,1.0153445202052596,NOT_AVAILABLE,1.0153445202052596,1.0153445202052596,20.0,True
ALL,ALL,LOCFE,3431,1.0153445202052596,NOT_AVAILABLE,1.0153445202052596,1.0153445202052596,20.0,True
ALL,ALL,LOCFE,3434,1.0153445202052596,NOT_AVAILABLE,1.0153445202052596,1.0153445202052596,20.0,True
ALL,ALL,LOCFE,3435,1.0153445202052596,NOT_AVAILABLE,1.0153445202052596,1.0153445202052596,20.0,True
ALL,ALL,LOCFE,3436,1.0153445202052596,NOT_AVAILABLE,1.0153445202052596,1.0153445202052596,20.0,True
ALL,ALL,LOCFE,3438,1.0153445202052596,NOT_AVAILABLE,1.0153445202052596,1.0153445202052596,20.0,True
ALL,ALL,LOCFE,3440,1.0153445202052596,NOT_AVAILABLE,1.0153445202052596,1.0153445202052596,20.0,True
ALL,ALL,LOCFE,3442,1.0153445202052596,NOT_AVAILABLE,1.0153445202052596,1.0153445202052596,20.0,True
ALL,ALL,LOCFE,3446,1.0153445202052596,NOT_AVAILABLE,1.0153445202052596,1.0153445202052596,20.0,True
ALL,ALL,LOCFE,3448,1.0153445202052596,NOT_AVAILABLE,1.0153445202052596,1.0153445202052596,20.0,True
ALL,ALL,LOCFE,3449,1.0153445202052596,NOT_AVAILABLE,1.0153445202052596,1.0153445202052596,20.0,True
ALL,ALL,LOCFE,3450,1.0153445202052596,NOT_AVAILABLE,1.0153445202052596,1.0153445202052596,20.0,True
ALL,ALL,LOCFE,3451,1.0153445202052596,NOT_AVAILABLE,1.0153445202052596,1.0153445202052596,20.0,True
ALL,ALL,LOCFE,3453,1.0153445202052596,NOT_AVAILABLE,1.0153445202052596,1.0153445202052596,20.0,True
ALL,ALL,LOCFE,3455,1.0153445202052596,NOT_AVAILABLE,1.0153445202052596,1.0153445202052596,20.0,True
ALL,ALL,LOCFE,3456,1.0153445202052596,NOT_AVAILABLE,1.0153445202052596,1.0153445202052596,20.0,True
ALL,ALL,LOCFE,3457,1.0153445202052596,NOT_AVAILABLE,1.0153445202052596,1.0153445202052596,20.0,True
ALL,ALL,LOCFE,3459,1.0153445202052596,NOT_AVAILABLE,1.0153445202052596,1.0153445202052596,20.0,True
ALL,ALL,LOCFE,3460,1.0153445202052596,NOT_AVAILABLE,1.0153445202052596,1.0153445202052596,20.0,True
ALL,ALL,LOCFE,3462,1.0153445202052596,NOT_AVAILABLE,1.0153445202052596,1.0153445202052596,20.0,True
ALL,ALL,LOCFE,3464,1.0153445202052596,NOT_AVAILABLE,1.0153445202052596,1.0153445202052596,20.0,True
ALL,ALL,LOCFE,3466,1.0153445202052596,NOT_AVAILABLE,1.0153445202052596,1.0153445202052596,20.0,True
ALL,ALL,LOCFE,3468,1.0153445202052596,NOT_AVAILABLE,1.0153445202052596,1.0153445202052596,20.0,True
ALL,ALL,LOCFE,3471,1.0153445202052596,NOT_AVAILABLE,1.0153445202052596,1.0153445202052596,20.0,True
ALL,ALL,LOCFE,3473,1.0153445202052596,NOT_AVAILABLE,1.0153445202052596,1.0153445202052596,20.0,True
ALL,ALL,LOCFE,3475,1.0153445202052596,NOT_AVAILABLE,1.0153445202052596,1.0153445202052596,20.0,True
ALL,ALL,LOCFE,3478,1.0153445202052596,NOT_AVAILABLE,1.0153445202052596,1.0153445202052596,20.0,True
ALL,ALL,LOCFE,3481,1.0153445202052596,NOT_AVAILABLE,1.0153445202052596,1.0153445202052596,20.0,True
ALL,ALL,LOCFE,3482,1.0153445202052596,NOT_AVAILABLE,1.0153445202052596,1.0153445202052596,20.0,True
ALL,ALL,LOCFE,3486,1.0153445202052596,NOT_AVAILABLE,1.0153445202052596,1.0153445202052596,20.0,True
ALL,ALL,LOCFE,3492,1.0153445202052596,NOT_AVAILABLE,1.0153445202052596,1.0153445202052596,20.0,True
ALL,ALL,LOCFE,3497,1.0153445202052596,NOT_AVAILABLE,1.0153445202052596,1.0153445202052596,20.0,True
ALL,ALL,LOCFE,3501,1.0153445202052596,NOT_AVAILABLE,1.0153445202052596,1.0153445202052596,20.0,True
ALL,ALL,LOCFE,3503,1.0153445202052596,NOT_AVAILABLE,1.0153445202052596,1.0153445202052596,20.0,True
ALL,ALL,LOCFE,3510,1.0153445202052596,NOT_AVAILABLE,1.0153445202052596,1.0153445202052596,20.0,True
ALL,ALL,LOCFE,3515,1.0153445202052596,NOT_AVAILABLE,1.0153445202052596,1.0153445202052596,20.0,True
ALL,ALL,LOCFE,3519,1.0153445202052596,NOT_AVAILABLE,1.0153445202052596,1.0153445202052596,20.0,True
